pdbId	chainCount	reason
10PX	14	no_rendered_page
11DG	4	no_rendered_page
11EL	4	no_rendered_page
11FV	3	no_rendered_page
1C2W	1	no_rendered_page
1E8S	1	no_rendered_page
1EG0	4	no_rendered_page
1EMI	1	no_rendered_page
1FG0	2	no_rendered_page
1FOQ	5	no_rendered_page
1GSG	1	no_rendered_page
1HR0	2	no_rendered_page
1JGO	5	no_rendered_page
1JGP	5	no_rendered_page
1JGQ	5	no_rendered_page
1KC8	2	no_rendered_page
1KH6	1	no_rendered_page
1LS2	1	no_rendered_page
1ML5	5	no_rendered_page
1N8X	1	no_rendered_page
1OB5	3	no_rendered_page
1PN8	1	no_rendered_page
1QU3	1	no_rendered_page
1QZA	1	no_rendered_page
1QZB	1	no_rendered_page
1QZC	3	no_rendered_page
1R2W	1	no_rendered_page
1R2X	1	no_rendered_page
1RNK	1	no_rendered_page
1SER	1	no_rendered_page
1U6B	3	no_rendered_page
1ULL	1	no_rendered_page
1VVJ	14	no_rendered_page
1VY4	14	no_rendered_page
1VY5	14	no_rendered_page
1VY6	12	no_rendered_page
1VY7	14	no_rendered_page
1XMO	3	no_rendered_page
1XMQ	3	no_rendered_page
1XNQ	3	no_rendered_page
1XNR	3	no_rendered_page
1Y0Q	2	no_rendered_page
1Y26	1	no_rendered_page
1YFG	1	no_rendered_page
1YLS	4	no_rendered_page
1ZC8	9	no_rendered_page
1ZZN	3	no_rendered_page
21CB	1	no_rendered_page
21CN	1	no_rendered_page
28JW	7	no_rendered_page
28LU	5	no_rendered_page
2A2E	1	no_rendered_page
2AGN	5	no_rendered_page
2DLC	1	no_rendered_page
2FTC	1	no_rendered_page
2GIS	1	no_rendered_page
2GO5	2	no_rendered_page
2HVY	1	no_rendered_page
2IY3	1	no_rendered_page
2J28	3	no_rendered_page
2J37	2	no_rendered_page
2JEA	1	no_rendered_page
2LA5	1	no_rendered_page
2NQP	1	no_rendered_page
2NR0	4	no_rendered_page
2NRE	1	no_rendered_page
2OB7	2	no_rendered_page
2QA4	2	no_rendered_page
2QEX	2	no_rendered_page
2QWY	3	no_rendered_page
2RDO	2	no_rendered_page
2UUA	3	no_rendered_page
2UXD	3	no_rendered_page
2VAZ	1	no_rendered_page
2YDH	1	no_rendered_page
2YGH	1	no_rendered_page
2YIE	2	no_rendered_page
2Z9Q	1	no_rendered_page
2ZUE	1	no_rendered_page
2ZUF	1	no_rendered_page
30RA	5	no_rendered_page
3BBX	2	no_rendered_page
3BO2	4	no_rendered_page
3BO3	3	no_rendered_page
3BO4	1	no_rendered_page
3CW1	4	no_rendered_page
3DEG	8	no_rendered_page
3DG0	2	no_rendered_page
3DG2	2	no_rendered_page
3DG4	2	no_rendered_page
3DG5	2	no_rendered_page
3DS7	2	no_rendered_page
3E5C	1	no_rendered_page
3E5E	1	no_rendered_page
3E5F	1	no_rendered_page
3EP2	6	no_rendered_page
3EQ3	6	no_rendered_page
3EQ4	6	no_rendered_page
3F2Q	1	no_rendered_page
3F2T	1	no_rendered_page
3F2W	1	no_rendered_page
3F2X	1	no_rendered_page
3F2Y	1	no_rendered_page
3F30	1	no_rendered_page
3F4E	2	no_rendered_page
3F4G	2	no_rendered_page
3F4H	2	no_rendered_page
3GS5	2	no_rendered_page
3GX2	1	no_rendered_page
3GX3	1	no_rendered_page
3GX5	1	no_rendered_page
3GX6	1	no_rendered_page
3GX7	1	no_rendered_page
3HHN	2	no_rendered_page
3ID5	2	no_rendered_page
3IIN	1	no_rendered_page
3IQN	1	no_rendered_page
3IQR	1	no_rendered_page
3IRW	1	no_rendered_page
3IWN	2	no_rendered_page
3IY8	1	no_rendered_page
3IY9	1	no_rendered_page
3J16	3	no_rendered_page
3J6B	2	no_rendered_page
3J6X	5	no_rendered_page
3J6Y	5	no_rendered_page
3J7O	3	no_rendered_page
3J7P	4	no_rendered_page
3J7Q	3	no_rendered_page
3J7R	7	no_rendered_page
3J7Z	3	no_rendered_page
3J80	1	no_rendered_page
3J81	3	no_rendered_page
3J8G	2	no_rendered_page
3J92	4	no_rendered_page
3JAG	7	no_rendered_page
3JAH	7	no_rendered_page
3JAI	7	no_rendered_page
3JAJ	6	no_rendered_page
3JAM	1	no_rendered_page
3JAN	6	no_rendered_page
3JBN	5	no_rendered_page
3JBO	5	no_rendered_page
3JBP	5	no_rendered_page
3JBU	5	no_rendered_page
3JCR	3	no_rendered_page
3K1V	1	no_rendered_page
3KTV	2	no_rendered_page
3L3C	8	no_rendered_page
3MUM	1	no_rendered_page
3MUR	1	no_rendered_page
3MUT	1	no_rendered_page
3MUV	1	no_rendered_page
3MXH	1	no_rendered_page
3NPN	1	no_rendered_page
3NPQ	3	no_rendered_page
3OUY	2	no_rendered_page
3OVB	2	no_rendered_page
3OW2	2	no_rendered_page
3P49	1	no_rendered_page
3PGW	2	no_rendered_page
3Q3Z	2	no_rendered_page
3R1H	4	no_rendered_page
3R1L	4	no_rendered_page
3R9X	1	no_rendered_page
3SKI	2	no_rendered_page
3SKL	2	no_rendered_page
3SKR	2	no_rendered_page
3SKT	2	no_rendered_page
3SKW	2	no_rendered_page
3SKZ	2	no_rendered_page
3SLM	2	no_rendered_page
3SLQ	2	no_rendered_page
3T4B	1	no_rendered_page
3UCU	2	no_rendered_page
3UCZ	2	no_rendered_page
3UD3	2	no_rendered_page
3UD4	2	no_rendered_page
3V7E	2	no_rendered_page
3ZGZ	2	no_rendered_page
486D	7	no_rendered_page
4ADV	1	no_rendered_page
4ADX	3	no_rendered_page
4AOB	1	no_rendered_page
4AQ7	2	no_rendered_page
4B3M	3	no_rendered_page
4B3S	3	no_rendered_page
4B3T	3	no_rendered_page
4B5R	1	no_rendered_page
4C4W	2	no_rendered_page
4CE4	2	no_rendered_page
4CQN	2	no_rendered_page
4CSU	2	no_rendered_page
4D5N	1	no_rendered_page
4D61	2	no_rendered_page
4FNJ	1	no_rendered_page
4K4W	4	no_rendered_page
4K50	8	no_rendered_page
4KQY	1	no_rendered_page
4KZX	1	no_rendered_page
4KZY	1	no_rendered_page
4KZZ	3	no_rendered_page
4L47	14	no_rendered_page
4L71	14	no_rendered_page
4L81	1	no_rendered_page
4LEL	14	no_rendered_page
4LF4	1	no_rendered_page
4LF5	1	no_rendered_page
4LF6	1	no_rendered_page
4LFZ	14	no_rendered_page
4LNT	14	no_rendered_page
4LSK	14	no_rendered_page
4LT8	14	no_rendered_page
4LW0	1	no_rendered_page
4MEH	2	no_rendered_page
4NYG	1	no_rendered_page
4OQU	1	no_rendered_page
4P6F	14	no_rendered_page
4P70	14	no_rendered_page
4PCJ	1	no_rendered_page
4QK8	1	no_rendered_page
4QK9	1	no_rendered_page
4QKA	1	no_rendered_page
4QLM	1	no_rendered_page
4QLN	1	no_rendered_page
4RGE	3	no_rendered_page
4RGF	3	no_rendered_page
4TUA	14	no_rendered_page
4TUB	14	no_rendered_page
4TUC	14	no_rendered_page
4TUD	14	no_rendered_page
4TUE	14	no_rendered_page
4TZX	1	no_rendered_page
4TZY	1	no_rendered_page
4U3M	8	no_rendered_page
4U3N	10	no_rendered_page
4U3U	8	no_rendered_page
4U4N	8	no_rendered_page
4U4O	8	no_rendered_page
4U4Q	8	no_rendered_page
4U4R	8	no_rendered_page
4U4U	8	no_rendered_page
4U4Y	8	no_rendered_page
4U4Z	8	no_rendered_page
4U50	8	no_rendered_page
4U51	8	no_rendered_page
4U52	8	no_rendered_page
4U53	8	no_rendered_page
4U55	8	no_rendered_page
4U56	8	no_rendered_page
4U6F	8	no_rendered_page
4UER	1	no_rendered_page
4UG0	5	no_rendered_page
4UJD	6	no_rendered_page
4V3P	6	no_rendered_page
4V42	7	no_rendered_page
4V47	3	no_rendered_page
4V48	4	no_rendered_page
4V49	6	no_rendered_page
4V4A	3	no_rendered_page
4V4B	3	no_rendered_page
4V4G	15	no_rendered_page
4V4I	6	no_rendered_page
4V4J	6	no_rendered_page
4V4P	6	no_rendered_page
4V4R	6	no_rendered_page
4V4S	6	no_rendered_page
4V4T	6	no_rendered_page
4V4X	5	no_rendered_page
4V4Y	7	no_rendered_page
4V4Z	6	no_rendered_page
4V5B	6	no_rendered_page
4V5K	12	no_rendered_page
4V5Z	36	no_rendered_page
4V63	12	no_rendered_page
4V67	12	no_rendered_page
4V68	8	no_rendered_page
4V6A	10	no_rendered_page
4V6C	6	no_rendered_page
4V6F	14	no_rendered_page
4V6G	13	no_rendered_page
4V6I	6	no_rendered_page
4V6U	5	no_rendered_page
4V6V	5	no_rendered_page
4V7C	6	no_rendered_page
4V7E	6	no_rendered_page
4V7F	3	no_rendered_page
4V7H	5	no_rendered_page
4V7L	14	no_rendered_page
4V7M	14	no_rendered_page
4V7P	10	no_rendered_page
4V83	8	no_rendered_page
4V84	8	no_rendered_page
4V87	14	no_rendered_page
4V88	8	no_rendered_page
4V8A	6	no_rendered_page
4V8B	14	no_rendered_page
4V8C	14	no_rendered_page
4V8D	14	no_rendered_page
4V8E	14	no_rendered_page
4V8F	14	no_rendered_page
4V8G	6	no_rendered_page
4V8H	6	no_rendered_page
4V8I	6	no_rendered_page
4V8J	14	no_rendered_page
4V8N	14	no_rendered_page
4V8T	4	no_rendered_page
4V8Y	6	no_rendered_page
4V8Z	6	no_rendered_page
4V90	5	no_rendered_page
4V91	3	no_rendered_page
4V92	2	no_rendered_page
4V95	10	no_rendered_page
4V97	14	no_rendered_page
4V9A	10	no_rendered_page
4V9B	12	no_rendered_page
4V9F	2	no_rendered_page
4V9H	5	no_rendered_page
4V9J	10	no_rendered_page
4V9K	10	no_rendered_page
4V9L	10	no_rendered_page
4V9M	10	no_rendered_page
4V9N	10	no_rendered_page
4V9Q	12	no_rendered_page
4V9R	10	no_rendered_page
4V9S	10	no_rendered_page
4W2E	6	no_rendered_page
4W2F	14	no_rendered_page
4W2G	14	no_rendered_page
4W2H	12	no_rendered_page
4W2I	14	no_rendered_page
4W4G	12	no_rendered_page
4W90	1	no_rendered_page
4W92	1	no_rendered_page
4WFB	2	no_rendered_page
4WPO	14	no_rendered_page
4WQ1	14	no_rendered_page
4WQF	12	no_rendered_page
4WQR	14	no_rendered_page
4WQU	12	no_rendered_page
4WQY	10	no_rendered_page
4WR6	14	no_rendered_page
4WRA	14	no_rendered_page
4WRO	14	no_rendered_page
4WSD	14	no_rendered_page
4WSM	14	no_rendered_page
4WT1	14	no_rendered_page
4WT8	15	no_rendered_page
4WU1	12	no_rendered_page
4WZD	12	no_rendered_page
4WZO	13	no_rendered_page
4X4V	2	no_rendered_page
4XNR	1	no_rendered_page
4Y1I	2	no_rendered_page
4Y1J	2	no_rendered_page
4Y1M	2	no_rendered_page
4Y4O	6	no_rendered_page
4Y4P	14	no_rendered_page
4YAZ	2	no_rendered_page
4YB0	2	no_rendered_page
4YB1	1	no_rendered_page
4YCP	1	no_rendered_page
4YPB	12	no_rendered_page
4YZV	12	no_rendered_page
4Z3S	14	no_rendered_page
4Z8C	10	no_rendered_page
4ZDO	1	no_rendered_page
4ZDP	1	no_rendered_page
4ZER	10	no_rendered_page
4ZSN	12	no_rendered_page
5A2Q	2	no_rendered_page
5A9Z	3	no_rendered_page
5AA0	6	no_rendered_page
5AFI	7	no_rendered_page
5AJ0	7	no_rendered_page
5AOX	2	no_rendered_page
5APN	3	no_rendered_page
5APO	3	no_rendered_page
5C7W	1	no_rendered_page
5CZP	10	no_rendered_page
5D8B	12	no_rendered_page
5DAT	8	no_rendered_page
5DC3	8	no_rendered_page
5DE5	2	no_rendered_page
5DE8	2	no_rendered_page
5DEA	2	no_rendered_page
5DFE	10	no_rendered_page
5DGE	10	no_rendered_page
5DGF	8	no_rendered_page
5DGV	10	no_rendered_page
5DM6	2	no_rendered_page
5DOX	6	no_rendered_page
5DOY	14	no_rendered_page
5DUN	1	no_rendered_page
5E7K	14	no_rendered_page
5E81	14	no_rendered_page
5EL4	14	no_rendered_page
5EL5	14	no_rendered_page
5EL6	14	no_rendered_page
5EL7	14	no_rendered_page
5F8G	2	no_rendered_page
5F8H	2	no_rendered_page
5F8I	2	no_rendered_page
5F8J	2	no_rendered_page
5F8K	10	no_rendered_page
5F8L	2	no_rendered_page
5F8M	2	no_rendered_page
5F8N	2	no_rendered_page
5FCI	8	no_rendered_page
5FCJ	8	no_rendered_page
5FDU	6	no_rendered_page
5FDV	6	no_rendered_page
5FJ4	2	no_rendered_page
5FJC	1	no_rendered_page
5FK1	1	no_rendered_page
5FK2	1	no_rendered_page
5FK3	1	no_rendered_page
5FK4	1	no_rendered_page
5FK5	1	no_rendered_page
5FK6	1	no_rendered_page
5FKD	1	no_rendered_page
5FKE	1	no_rendered_page
5FKF	1	no_rendered_page
5FKG	1	no_rendered_page
5FKH	1	no_rendered_page
5FLX	2	no_rendered_page
5G2X	2	no_rendered_page
5G2Y	1	no_rendered_page
5GAE	3	no_rendered_page
5GAF	4	no_rendered_page
5GAN	3	no_rendered_page
5HAU	10	no_rendered_page
5HCP	10	no_rendered_page
5HCQ	10	no_rendered_page
5HCR	10	no_rendered_page
5HD1	10	no_rendered_page
5I4L	8	no_rendered_page
5IB7	14	no_rendered_page
5IB8	14	no_rendered_page
5IBB	14	no_rendered_page
5IMQ	5	no_rendered_page
5IMR	5	no_rendered_page
5IQR	7	no_rendered_page
5IT9	2	no_rendered_page
5J30	10	no_rendered_page
5J3C	10	no_rendered_page
5J4B	14	no_rendered_page
5J4C	14	no_rendered_page
5J4D	12	no_rendered_page
5JB3	3	no_rendered_page
5JBH	3	no_rendered_page
5JEA	1	no_rendered_page
5JTE	7	no_rendered_page
5JU8	6	no_rendered_page
5K0Y	3	no_rendered_page
5KCS	5	no_rendered_page
5LJ3	5	no_rendered_page
5LJ5	5	no_rendered_page
5LKS	4	no_rendered_page
5LMN	2	no_rendered_page
5LMO	2	no_rendered_page
5LMP	2	no_rendered_page
5LMQ	3	no_rendered_page
5LMR	3	no_rendered_page
5LMS	3	no_rendered_page
5LMT	3	no_rendered_page
5LMU	3	no_rendered_page
5LMV	3	no_rendered_page
5LQW	4	no_rendered_page
5LYB	10	no_rendered_page
5LZE	7	no_rendered_page
5LZS	8	no_rendered_page
5LZT	7	no_rendered_page
5LZU	7	no_rendered_page
5LZV	7	no_rendered_page
5LZW	7	no_rendered_page
5LZX	7	no_rendered_page
5LZY	7	no_rendered_page
5LZZ	7	no_rendered_page
5MDW	5	no_rendered_page
5MDY	5	no_rendered_page
5MDZ	5	no_rendered_page
5ME0	2	no_rendered_page
5ME1	2	no_rendered_page
5MEI	8	no_rendered_page
5MQ0	6	no_rendered_page
5MRC	3	no_rendered_page
5MRE	3	no_rendered_page
5MRF	3	no_rendered_page
5ND8	3	no_rendered_page
5ND9	3	no_rendered_page
5NDG	8	no_rendered_page
5NDJ	14	no_rendered_page
5NDK	14	no_rendered_page
5NDW	8	no_rendered_page
5NGM	3	no_rendered_page
5NRL	5	no_rendered_page
5NZ6	1	no_rendered_page
5O69	2	no_rendered_page
5OMW	2	no_rendered_page
5ON2	2	no_rendered_page
5ON3	2	no_rendered_page
5ON6	8	no_rendered_page
5ONH	2	no_rendered_page
5SWE	1	no_rendered_page
5T2A	9	no_rendered_page
5T2C	5	no_rendered_page
5T5H	8	no_rendered_page
5T7V	4	no_rendered_page
5T83	1	no_rendered_page
5TBW	8	no_rendered_page
5TCU	6	no_rendered_page
5TGA	10	no_rendered_page
5TGM	10	no_rendered_page
5TZS	3	no_rendered_page
5UMD	3	no_rendered_page
5UQ7	6	no_rendered_page
5UQ8	6	no_rendered_page
5UZ4	1	no_rendered_page
5UZA	1	no_rendered_page
5V8I	6	no_rendered_page
5VOE	1	no_rendered_page
5VOF	1	no_rendered_page
5VP2	14	no_rendered_page
5VPO	10	no_rendered_page
5VPP	10	no_rendered_page
5W1I	2	no_rendered_page
5W4K	14	no_rendered_page
5WDT	7	no_rendered_page
5WE4	7	no_rendered_page
5WE6	7	no_rendered_page
5WF0	7	no_rendered_page
5WFK	7	no_rendered_page
5WFS	7	no_rendered_page
5WIS	14	no_rendered_page
5WIT	14	no_rendered_page
5WTK	1	no_rendered_page
5XJC	4	no_rendered_page
5Y7M	2	no_rendered_page
5YLZ	4	no_rendered_page
5YZG	4	no_rendered_page
5Z56	4	no_rendered_page
5Z57	4	no_rendered_page
5Z58	4	no_rendered_page
5ZLU	5	no_rendered_page
5ZZM	2	no_rendered_page
6AH0	5	no_rendered_page
6AHD	5	no_rendered_page
6ASO	1	no_rendered_page
6AZ1	5	no_rendered_page
6B4V	12	no_rendered_page
6BK8	5	no_rendered_page
6BOH	12	no_rendered_page
6BOK	12	no_rendered_page
6BUW	10	no_rendered_page
6BY1	13	no_rendered_page
6BZ6	10	no_rendered_page
6BZ7	14	no_rendered_page
6BZ8	14	no_rendered_page
6C0F	3	no_rendered_page
6CAE	14	no_rendered_page
6CB1	3	no_rendered_page
6CC1	2	no_rendered_page
6CC3	2	no_rendered_page
6CF2	1	no_rendered_page
6CFJ	14	no_rendered_page
6CFK	6	no_rendered_page
6CFL	6	no_rendered_page
6CK4	4	no_rendered_page
6CK5	2	no_rendered_page
6CZR	6	no_rendered_page
6D90	6	no_rendered_page
6D9J	6	no_rendered_page
6DCB	1	no_rendered_page
6DCC	1	no_rendered_page
6DMC	2	no_rendered_page
6DMD	2	no_rendered_page
6DME	1	no_rendered_page
6ELZ	3	no_rendered_page
6EM1	3	no_rendered_page
6EM3	3	no_rendered_page
6EM4	3	no_rendered_page
6EM5	3	no_rendered_page
6FAI	1	no_rendered_page
6FEC	3	no_rendered_page
6FF4	4	no_rendered_page
6FF7	4	no_rendered_page
6FKR	6	no_rendered_page
6FRK	5	no_rendered_page
6FTG	3	no_rendered_page
6FTI	4	no_rendered_page
6FTJ	3	no_rendered_page
6FXC	6	no_rendered_page
6FYX	3	no_rendered_page
6FYY	3	no_rendered_page
6G4S	1	no_rendered_page
6G4W	1	no_rendered_page
6G7Z	2	no_rendered_page
6G90	3	no_rendered_page
6GAW	5	no_rendered_page
6GB2	3	no_rendered_page
6GC4	2	no_rendered_page
6GC6	1	no_rendered_page
6GC7	1	no_rendered_page
6GC8	2	no_rendered_page
6GOV	1	no_rendered_page
6GQ1	6	no_rendered_page
6GQB	6	no_rendered_page
6GQV	6	no_rendered_page
6GSJ	14	no_rendered_page
6GSK	14	no_rendered_page
6GSL	14	no_rendered_page
6GSM	3	no_rendered_page
6GSN	3	no_rendered_page
6GWT	5	no_rendered_page
6GXO	5	no_rendered_page
6GXP	3	no_rendered_page
6GYV	1	no_rendered_page
6GZ3	7	no_rendered_page
6GZ4	7	no_rendered_page
6GZ5	7	no_rendered_page
6HA1	5	no_rendered_page
6HA8	5	no_rendered_page
6HAG	1	no_rendered_page
6HCF	6	no_rendered_page
6HCJ	7	no_rendered_page
6HCM	6	no_rendered_page
6HCQ	7	no_rendered_page
6HD7	5	no_rendered_page
6HHQ	8	no_rendered_page
6HIV	2	no_rendered_page
6HIW	1	no_rendered_page
6HIX	1	no_rendered_page
6HMA	2	no_rendered_page
6HRM	2	no_rendered_page
6HTQ	6	no_rendered_page
6I9R	2	no_rendered_page
6ICZ	4	no_rendered_page
6LAS	2	no_rendered_page
6LAU	2	no_rendered_page
6LAX	2	no_rendered_page
6LAZ	2	no_rendered_page
6LSE	2	no_rendered_page
6LSF	2	no_rendered_page
6LSG	2	no_rendered_page
6LTP	2	no_rendered_page
6MTB	7	no_rendered_page
6MTC	5	no_rendered_page
6MTD	4	no_rendered_page
6MTE	4	no_rendered_page
6MUT	2	no_rendered_page
6N1D	11	no_rendered_page
6N5K	1	no_rendered_page
6N5N	1	no_rendered_page
6N5O	1	no_rendered_page
6N5P	1	no_rendered_page
6N5Q	1	no_rendered_page
6N5S	1	no_rendered_page
6N5T	1	no_rendered_page
6N7R	2	no_rendered_page
6N9E	12	no_rendered_page
6N9F	12	no_rendered_page
6ND4	3	no_rendered_page
6ND5	14	no_rendered_page
6ND6	14	no_rendered_page
6NDK	14	no_rendered_page
6NOA	1	no_rendered_page
6NSH	10	no_rendered_page
6NTA	10	no_rendered_page
6NU2	4	no_rendered_page
6NU3	4	no_rendered_page
6NWY	10	no_rendered_page
6NY6	1	no_rendered_page
6O3M	10	no_rendered_page
6O8W	5	no_rendered_page
6O8X	3	no_rendered_page
6O8Y	3	no_rendered_page
6O8Z	3	no_rendered_page
6O90	3	no_rendered_page
6O97	14	no_rendered_page
6O9J	4	no_rendered_page
6O9K	5	no_rendered_page
6OF1	14	no_rendered_page
6OF6	14	no_rendered_page
6OIG	3	no_rendered_page
6OJ2	14	no_rendered_page
6OKK	2	no_rendered_page
6OLE	7	no_rendered_page
6OLF	7	no_rendered_page
6OLG	6	no_rendered_page
6OLI	7	no_rendered_page
6OLZ	6	no_rendered_page
6OM0	7	no_rendered_page
6OM7	7	no_rendered_page
6OPE	12	no_rendered_page
6ORD	12	no_rendered_page
6OSI	10	no_rendered_page
6OTR	14	no_rendered_page
6OXA	14	no_rendered_page
6OXI	12	no_rendered_page
6P2H	1	no_rendered_page
6P5I	5	no_rendered_page
6P5J	5	no_rendered_page
6P5K	5	no_rendered_page
6P5N	5	no_rendered_page
6PPK	2	no_rendered_page
6Q95	7	no_rendered_page
6Q97	7	no_rendered_page
6Q98	4	no_rendered_page
6Q9A	5	no_rendered_page
6QDV	5	no_rendered_page
6QDW	3	no_rendered_page
6QNQ	13	no_rendered_page
6QNR	15	no_rendered_page
6QTZ	3	no_rendered_page
6QUL	3	no_rendered_page
6QW6	3	no_rendered_page
6QZP	5	no_rendered_page
6R5Q	7	no_rendered_page
6R6G	8	no_rendered_page
6R6P	7	no_rendered_page
6R7Q	7	no_rendered_page
6R84	4	no_rendered_page
6R86	3	no_rendered_page
6R87	4	no_rendered_page
6RBD	1	no_rendered_page
6RBE	1	no_rendered_page
6RXT	2	no_rendered_page
6RXU	2	no_rendered_page
6RXV	2	no_rendered_page
6RXX	2	no_rendered_page
6RXY	2	no_rendered_page
6RXZ	2	no_rendered_page
6S0K	3	no_rendered_page
6S0X	3	no_rendered_page
6S0Z	2	no_rendered_page
6S12	2	no_rendered_page
6S13	3	no_rendered_page
6S47	4	no_rendered_page
6SGA	1	no_rendered_page
6SGB	1	no_rendered_page
6SGC	7	no_rendered_page
6SNT	6	no_rendered_page
6SPB	2	no_rendered_page
6SPC	1	no_rendered_page
6SPD	2	no_rendered_page
6SPF	3	no_rendered_page
6SVS	2	no_rendered_page
6SWA	3	no_rendered_page
6SWD	2	no_rendered_page
6SWE	2	no_rendered_page
6T4Q	7	no_rendered_page
6T59	4	no_rendered_page
6T7I	7	no_rendered_page
6T7T	7	no_rendered_page
6T83	10	no_rendered_page
6TB3	6	no_rendered_page
6TB7	1	no_rendered_page
6TBV	5	no_rendered_page
6TC3	5	no_rendered_page
6TF1	1	no_rendered_page
6TF2	1	no_rendered_page
6TF3	1	no_rendered_page
6TFG	1	no_rendered_page
6TH6	3	no_rendered_page
6TNU	7	no_rendered_page
6U48	2	no_rendered_page
6UCQ	12	no_rendered_page
6UET	1	no_rendered_page
6UO1	14	no_rendered_page
6UZ7	5	no_rendered_page
6VVJ	1	no_rendered_page
6VWT	2	no_rendered_page
6VWV	2	no_rendered_page
6VZ2	7	no_rendered_page
6VZ3	7	no_rendered_page
6VZ5	7	no_rendered_page
6VZ7	7	no_rendered_page
6W2S	2	no_rendered_page
6W2T	2	no_rendered_page
6W6L	5	no_rendered_page
6WDR	1	no_rendered_page
6WOO	6	no_rendered_page
6WRU	2	no_rendered_page
6WTL	1	no_rendered_page
6WTR	1	no_rendered_page
6WZS	2	no_rendered_page
6X9Q	6	no_rendered_page
6XA1	6	no_rendered_page
6XDQ	6	no_rendered_page
6XDR	6	no_rendered_page
6XGF	6	no_rendered_page
6XHV	14	no_rendered_page
6XHW	14	no_rendered_page
6XHX	6	no_rendered_page
6XHY	14	no_rendered_page
6XQD	10	no_rendered_page
6XQE	10	no_rendered_page
6XRZ	1	no_rendered_page
6XU6	5	no_rendered_page
6XU7	7	no_rendered_page
6XU8	5	no_rendered_page
6XYW	3	no_rendered_page
6XZ7	4	no_rendered_page
6XZA	4	no_rendered_page
6XZB	5	no_rendered_page
6Y0G	7	no_rendered_page
6Y53	1	no_rendered_page
6Y5Q	1	no_rendered_page
6Y7C	1	no_rendered_page
6YAL	3	no_rendered_page
6YAM	3	no_rendered_page
6YAN	3	no_rendered_page
6YDP	5	no_rendered_page
6YEF	5	no_rendered_page
6YL5	12	no_rendered_page
6YLG	3	no_rendered_page
6YLH	3	no_rendered_page
6YS3	3	no_rendered_page
6YST	5	no_rendered_page
6YWE	4	no_rendered_page
6YWS	1	no_rendered_page
6YWV	1	no_rendered_page
6YWX	3	no_rendered_page
6YWY	4	no_rendered_page
6Z9P	1	no_rendered_page
6ZDU	2	no_rendered_page
6ZJ3	20	no_rendered_page
6ZLW	1	no_rendered_page
6ZM5	6	no_rendered_page
6ZM6	6	no_rendered_page
6ZMT	1	no_rendered_page
6ZN5	1	no_rendered_page
6ZON	1	no_rendered_page
6ZQA	3	no_rendered_page
6ZQB	3	no_rendered_page
6ZQD	3	no_rendered_page
6ZQE	3	no_rendered_page
6ZS9	3	no_rendered_page
6ZSC	4	no_rendered_page
6ZSE	6	no_rendered_page
6ZU9	3	no_rendered_page
6ZVH	2	no_rendered_page
6ZVI	4	no_rendered_page
6ZVJ	1	no_rendered_page
6ZVK	5	no_rendered_page
6ZXG	1	no_rendered_page
6ZXH	1	no_rendered_page
7A01	5	no_rendered_page
7A09	2	no_rendered_page
7A0S	2	no_rendered_page
7A18	2	no_rendered_page
7A1G	1	no_rendered_page
7A5G	8	no_rendered_page
7A5J	4	no_rendered_page
7ACR	4	no_rendered_page
7AFO	1	no_rendered_page
7AJU	4	no_rendered_page
7AM2	4	no_rendered_page
7ANE	2	no_rendered_page
7AOI	1	no_rendered_page
7AQC	4	no_rendered_page
7AQD	3	no_rendered_page
7AS8	3	no_rendered_page
7ASE	2	no_rendered_page
7ASN	2	no_rendered_page
7ASO	3	no_rendered_page
7AZS	15	no_rendered_page
7B5K	7	no_rendered_page
7B7D	7	no_rendered_page
7BHP	4	no_rendered_page
7D6Z	6	no_rendered_page
7D7V	1	no_rendered_page
7D7W	1	no_rendered_page
7D7X	1	no_rendered_page
7D7Y	1	no_rendered_page
7D7Z	1	no_rendered_page
7D80	6	no_rendered_page
7DUL	3	no_rendered_page
7DWH	2	no_rendered_page
7EAF	1	no_rendered_page
7ELP	2	no_rendered_page
7ELQ	2	no_rendered_page
7ELR	2	no_rendered_page
7ELS	2	no_rendered_page
7EOG	1	no_rendered_page
7EOK	1	no_rendered_page
7EOL	1	no_rendered_page
7EOM	1	no_rendered_page
7EON	1	no_rendered_page
7EOO	1	no_rendered_page
7EOP	1	no_rendered_page
7EVO	1	no_rendered_page
7JL2	2	no_rendered_page
7JQL	10	no_rendered_page
7JQM	10	no_rendered_page
7K5L	1	no_rendered_page
7K98	2	no_rendered_page
7KUB	1	no_rendered_page
7KVV	1	no_rendered_page
7L08	3	no_rendered_page
7L20	2	no_rendered_page
7LS1	5	no_rendered_page
7LS2	5	no_rendered_page
7MD7	6	no_rendered_page
7MDZ	6	no_rendered_page
7MLW	1	no_rendered_page
7MPI	4	no_rendered_page
7MPJ	4	no_rendered_page
7MSC	5	no_rendered_page
7MSM	5	no_rendered_page
7MT2	5	no_rendered_page
7MT3	5	no_rendered_page
7N1P	6	no_rendered_page
7N2C	6	no_rendered_page
7N2U	6	no_rendered_page
7N2V	6	no_rendered_page
7N30	6	no_rendered_page
7N31	6	no_rendered_page
7N8B	4	no_rendered_page
7NAC	3	no_rendered_page
7NAD	2	no_rendered_page
7NAF	1	no_rendered_page
7NFX	4	no_rendered_page
7NQH	5	no_rendered_page
7NQL	5	no_rendered_page
7NRC	7	no_rendered_page
7NRD	7	no_rendered_page
7NSH	2	no_rendered_page
7NSI	5	no_rendered_page
7NSJ	6	no_rendered_page
7NWG	7	no_rendered_page
7NWH	5	no_rendered_page
7NWI	6	no_rendered_page
7NWT	5	no_rendered_page
7O19	5	no_rendered_page
7O1A	5	no_rendered_page
7O1C	5	no_rendered_page
7O5B	6	no_rendered_page
7O5H	1	no_rendered_page
7O80	7	no_rendered_page
7O81	7	no_rendered_page
7OA3	2	no_rendered_page
7OAV	4	no_rendered_page
7OAW	4	no_rendered_page
7OAX	4	no_rendered_page
7OBR	4	no_rendered_page
7ODR	2	no_rendered_page
7ODS	2	no_rendered_page
7OF1	3	no_rendered_page
7OF2	2	no_rendered_page
7OF3	2	no_rendered_page
7OF4	2	no_rendered_page
7OF5	2	no_rendered_page
7OF6	2	no_rendered_page
7OGM	1	no_rendered_page
7OHT	3	no_rendered_page
7OHU	2	no_rendered_page
7OHW	3	no_rendered_page
7OHX	3	no_rendered_page
7OHY	2	no_rendered_page
7OI6	2	no_rendered_page
7OI8	3	no_rendered_page
7OIA	3	no_rendered_page
7OID	3	no_rendered_page
7OIZ	5	no_rendered_page
7OJ0	5	no_rendered_page
7OLD	5	no_rendered_page
7OSA	6	no_rendered_page
7OSM	7	no_rendered_page
7OTC	3	no_rendered_page
7OYC	4	no_rendered_page
7OYD	4	no_rendered_page
7P3K	5	no_rendered_page
7PD3	2	no_rendered_page
7PJT	6	no_rendered_page
7PKQ	4	no_rendered_page
7PKT	9	no_rendered_page
7PWF	1	no_rendered_page
7PWO	6	no_rendered_page
7Q0P	5	no_rendered_page
7Q0R	5	no_rendered_page
7Q4K	6	no_rendered_page
7QGG	7	no_rendered_page
7QH7	2	no_rendered_page
7QI4	7	no_rendered_page
7QI5	7	no_rendered_page
7QVP	14	no_rendered_page
7QWQ	4	no_rendered_page
7QWR	3	no_rendered_page
7QWS	3	no_rendered_page
7R6K	1	no_rendered_page
7R6L	1	no_rendered_page
7R6M	1	no_rendered_page
7R6N	1	no_rendered_page
7R6Q	3	no_rendered_page
7R72	2	no_rendered_page
7R7A	3	no_rendered_page
7R7C	1	no_rendered_page
7RQ8	14	no_rendered_page
7RQ9	14	no_rendered_page
7RQA	10	no_rendered_page
7RQB	10	no_rendered_page
7RQC	10	no_rendered_page
7RQD	10	no_rendered_page
7RQE	10	no_rendered_page
7S7B	2	no_rendered_page
7SA4	6	no_rendered_page
7SYG	2	no_rendered_page
7SYH	2	no_rendered_page
7SYI	2	no_rendered_page
7SYJ	2	no_rendered_page
7SYK	2	no_rendered_page
7SYL	2	no_rendered_page
7SYM	2	no_rendered_page
7SYN	2	no_rendered_page
7SYO	2	no_rendered_page
7SYP	3	no_rendered_page
7SYQ	2	no_rendered_page
7SYR	3	no_rendered_page
7SYS	3	no_rendered_page
7SYT	3	no_rendered_page
7SYU	3	no_rendered_page
7SYV	3	no_rendered_page
7SYW	3	no_rendered_page
7SYX	3	no_rendered_page
7TD7	1	no_rendered_page
7TM3	4	no_rendered_page
7TOQ	6	no_rendered_page
7TOR	7	no_rendered_page
7TQL	2	no_rendered_page
7TUT	4	no_rendered_page
7U2A	1	no_rendered_page
7U2B	1	no_rendered_page
7U2H	14	no_rendered_page
7U2I	14	no_rendered_page
7U2J	14	no_rendered_page
7UCJ	6	no_rendered_page
7UCK	6	no_rendered_page
7UGA	1	no_rendered_page
7UO4	2	no_rendered_page
7UO7	2	no_rendered_page
7UO9	2	no_rendered_page
7UOB	2	no_rendered_page
7UOE	2	no_rendered_page
7UPH	2	no_rendered_page
7VPX	4	no_rendered_page
7VTI	1	no_rendered_page
7W59	5	no_rendered_page
7W5A	5	no_rendered_page
7W5B	5	no_rendered_page
7W9S	2	no_rendered_page
7YC8	1	no_rendered_page
7YCG	2	no_rendered_page
7YCH	2	no_rendered_page
7YCI	2	no_rendered_page
7Z20	3	no_rendered_page
7ZFW	1	no_rendered_page
7ZJW	7	no_rendered_page
7ZJX	6	no_rendered_page
7ZPQ	5	no_rendered_page
7ZTA	7	no_rendered_page
7ZW0	7	no_rendered_page
8A3W	10	no_rendered_page
8A98	10	no_rendered_page
8ANY	7	no_rendered_page
8AP4	3	no_rendered_page
8APN	15	no_rendered_page
8APO	16	no_rendered_page
8AXA	1	no_rendered_page
8B2L	7	no_rendered_page
8B5L	3	no_rendered_page
8B6C	3	no_rendered_page
8BF9	2	no_rendered_page
8BHF	6	no_rendered_page
8BN3	4	no_rendered_page
8BPO	3	no_rendered_page
8BQX	4	no_rendered_page
8BR8	5	no_rendered_page
8BSI	6	no_rendered_page
8BSJ	8	no_rendered_page
8BTD	7	no_rendered_page
8BTK	6	no_rendered_page
8BTR	7	no_rendered_page
8BVH	1	no_rendered_page
8BVJ	1	no_rendered_page
8CA7	1	no_rendered_page
8CAS	3	no_rendered_page
8CBJ	1	no_rendered_page
8CBK	1	no_rendered_page
8CH6	4	no_rendered_page
8CVJ	14	no_rendered_page
8CVK	14	no_rendered_page
8CVL	14	no_rendered_page
8D8J	1	no_rendered_page
8DEJ	1	no_rendered_page
8DG5	1	no_rendered_page
8DVR	1	no_rendered_page
8E3F	1	no_rendered_page
8E3H	1	no_rendered_page
8E6X	1	no_rendered_page
8E6Z	1	no_rendered_page
8EA3	1	no_rendered_page
8EA4	1	no_rendered_page
8EKB	10	no_rendered_page
8ESQ	3	no_rendered_page
8ESR	3	no_rendered_page
8ETG	3	no_rendered_page
8ETH	3	no_rendered_page
8ETI	3	no_rendered_page
8EUP	3	no_rendered_page
8EUY	3	no_rendered_page
8EV3	3	no_rendered_page
8EV6	14	no_rendered_page
8EV7	14	no_rendered_page
8EVS	5	no_rendered_page
8EVT	5	no_rendered_page
8EYT	1	no_rendered_page
8FC1	6	no_rendered_page
8FC2	6	no_rendered_page
8FC3	6	no_rendered_page
8FC4	6	no_rendered_page
8FC5	6	no_rendered_page
8FC6	6	no_rendered_page
8FKV	3	no_rendered_page
8FKW	3	no_rendered_page
8FKY	3	no_rendered_page
8FKZ	3	no_rendered_page
8FL2	4	no_rendered_page
8FL3	3	no_rendered_page
8FL4	3	no_rendered_page
8FL6	4	no_rendered_page
8FL7	3	no_rendered_page
8FLA	4	no_rendered_page
8FLB	3	no_rendered_page
8FLD	4	no_rendered_page
8FLE	3	no_rendered_page
8FN6	1	no_rendered_page
8FOM	13	no_rendered_page
8FON	13	no_rendered_page
8FTO	5	no_rendered_page
8G29	14	no_rendered_page
8G2A	14	no_rendered_page
8G2B	14	no_rendered_page
8G2C	14	no_rendered_page
8G2D	14	no_rendered_page
8G38	3	no_rendered_page
8G5Z	7	no_rendered_page
8GHU	1	no_rendered_page
8H6E	5	no_rendered_page
8H6J	5	no_rendered_page
8H6K	5	no_rendered_page
8H6L	5	no_rendered_page
8HFR	3	no_rendered_page
8HHM	1	no_rendered_page
8HK1	1	no_rendered_page
8HKV	2	no_rendered_page
8I0W	5	no_rendered_page
8I3Q	1	no_rendered_page
8I7J	1	no_rendered_page
8INK	3	no_rendered_page
8IPD	3	no_rendered_page
8IPX	4	no_rendered_page
8IPY	4	no_rendered_page
8JDM	7	no_rendered_page
8JIW	1	no_rendered_page
8K0Y	2	no_rendered_page
8K30	2	no_rendered_page
8OPS	1	no_rendered_page
8OPT	1	no_rendered_page
8OST	1	no_rendered_page
8OVA	10	no_rendered_page
8OVE	10	no_rendered_page
8OZ0	3	no_rendered_page
8P03	3	no_rendered_page
8P09	3	no_rendered_page
8P2K	6	no_rendered_page
8P4V	8	no_rendered_page
8P8M	3	no_rendered_page
8P9A	8	no_rendered_page
8PEG	7	no_rendered_page
8PK0	2	no_rendered_page
8Q7Z	5	no_rendered_page
8Q87	5	no_rendered_page
8QFD	3	no_rendered_page
8QHU	10	no_rendered_page
8QIE	10	no_rendered_page
8QOI	4	no_rendered_page
8QSJ	2	no_rendered_page
8QYX	3	no_rendered_page
8R3V	11	no_rendered_page
8R55	6	no_rendered_page
8R57	1	no_rendered_page
8R6C	7	no_rendered_page
8R7N	1	no_rendered_page
8RAM	1	no_rendered_page
8RAN	1	no_rendered_page
8RAO	1	no_rendered_page
8RAP	1	no_rendered_page
8RCM	11	no_rendered_page
8RCS	10	no_rendered_page
8RCT	10	no_rendered_page
8RD8	3	no_rendered_page
8RDV	5	no_rendered_page
8RDW	3	no_rendered_page
8RG0	2	no_rendered_page
8RJB	4	no_rendered_page
8RJC	4	no_rendered_page
8RJD	4	no_rendered_page
8RO1	4	no_rendered_page
8RRI	6	no_rendered_page
8RW1	3	no_rendered_page
8RXH	13	no_rendered_page
8RXX	13	no_rendered_page
8S1U	4	no_rendered_page
8S8D	3	no_rendered_page
8S8E	3	no_rendered_page
8S8F	3	no_rendered_page
8S8G	3	no_rendered_page
8S8H	3	no_rendered_page
8S8I	3	no_rendered_page
8S8J	3	no_rendered_page
8S8K	3	no_rendered_page
8SCB	7	no_rendered_page
8SQ9	2	no_rendered_page
8SQJ	3	no_rendered_page
8SUP	3	no_rendered_page
8SYK	4	no_rendered_page
8T2R	2	no_rendered_page
8T2S	1	no_rendered_page
8T2X	7	no_rendered_page
8T2Y	7	no_rendered_page
8T2Z	7	no_rendered_page
8T30	4	no_rendered_page
8T3A	5	no_rendered_page
8T3B	5	no_rendered_page
8T3C	5	no_rendered_page
8T3D	5	no_rendered_page
8T3E	5	no_rendered_page
8T3F	5	no_rendered_page
8T7S	2	no_rendered_page
8T8B	10	no_rendered_page
8T8C	10	no_rendered_page
8TKK	1	no_rendered_page
8TPU	5	no_rendered_page
8UD6	14	no_rendered_page
8UD7	14	no_rendered_page
8UD8	14	no_rendered_page
8UIK	4	no_rendered_page
8UKB	4	no_rendered_page
8UPO	6	no_rendered_page
8UQP	6	no_rendered_page
8UR0	6	no_rendered_page
8URH	6	no_rendered_page
8URI	6	no_rendered_page
8UT0	7	no_rendered_page
8UVR	14	no_rendered_page
8UVS	14	no_rendered_page
8UX4	4	no_rendered_page
8VCI	1	no_rendered_page
8VFT	7	no_rendered_page
8VOP	6	no_rendered_page
8VPV	1	no_rendered_page
8VTU	14	no_rendered_page
8VTV	14	no_rendered_page
8VTW	6	no_rendered_page
8VTX	14	no_rendered_page
8VTY	6	no_rendered_page
8VVP	8	no_rendered_page
8VVQ	8	no_rendered_page
8VVR	8	no_rendered_page
8VVS	8	no_rendered_page
8VVT	4	no_rendered_page
8VVU	8	no_rendered_page
8VVV	4	no_rendered_page
8Z1P	1	no_rendered_page
8ZFG	5	no_rendered_page
8ZTU	6	no_rendered_page
8ZTV	6	no_rendered_page
8ZZE	1	no_rendered_page
9A0D	4	no_rendered_page
9ASM	1	no_rendered_page
9ASN	1	no_rendered_page
9ASO	1	no_rendered_page
9ASQ	1	no_rendered_page
9AX8	5	no_rendered_page
9AXT	4	no_rendered_page
9AXV	7	no_rendered_page
9AZC	6	no_rendered_page
9B00	14	no_rendered_page
9B0P	5	no_rendered_page
9B0Q	12	no_rendered_page
9B0S	13	no_rendered_page
9B1W	4	no_rendered_page
9B1X	4	no_rendered_page
9B1Y	4	no_rendered_page
9B24	4	no_rendered_page
9BCU	1	no_rendered_page
9BDL	7	no_rendered_page
9BDN	8	no_rendered_page
9BDP	8	no_rendered_page
9BH5	7	no_rendered_page
9BIH	2	no_rendered_page
9BKD	1	no_rendered_page
9BLN	1	no_rendered_page
9BWZ	2	no_rendered_page
9BX0	2	no_rendered_page
9BX1	2	no_rendered_page
9BX4	2	no_rendered_page
9C4H	1	no_rendered_page
9C6J	1	no_rendered_page
9CAI	6	no_rendered_page
9CGV	2	no_rendered_page
9CL9	1	no_rendered_page
9CPA	2	no_rendered_page
9D0G	14	no_rendered_page
9D0H	14	no_rendered_page
9D0I	14	no_rendered_page
9D0J	14	no_rendered_page
9D7R	12	no_rendered_page
9D7S	12	no_rendered_page
9D7T	12	no_rendered_page
9D89	2	no_rendered_page
9DFC	14	no_rendered_page
9DFD	14	no_rendered_page
9DFE	6	no_rendered_page
9DOV	5	no_rendered_page
9DP7	5	no_rendered_page
9DP9	1	no_rendered_page
9DYG	1	no_rendered_page
9E9C	2	no_rendered_page
9ED0	1	no_rendered_page
9ENF	2	no_rendered_page
9EVS	5	no_rendered_page
9EVT	1	no_rendered_page
9EY2	1	no_rendered_page
9F1B	6	no_rendered_page
9F1C	6	no_rendered_page
9F1D	6	no_rendered_page
9F9S	12	no_rendered_page
9FBV	5	no_rendered_page
9FCO	2	no_rendered_page
9FQZ	5	no_rendered_page
9FXO	13	no_rendered_page
9FY1	5	no_rendered_page
9FY2	5	no_rendered_page
9G06	3	no_rendered_page
9G28	2	no_rendered_page
9G33	3	no_rendered_page
9G44	1	no_rendered_page
9G5B	1	no_rendered_page
9G5C	1	no_rendered_page
9G5D	1	no_rendered_page
9GMO	3	no_rendered_page
9GR1	7	no_rendered_page
9GYT	3	no_rendered_page
9H3G	7	no_rendered_page
9H3S	2	no_rendered_page
9H3U	1	no_rendered_page
9H4J	1	no_rendered_page
9H4N	6	no_rendered_page
9H51	1	no_rendered_page
9H6I	7	no_rendered_page
9H91	2	no_rendered_page
9HC4	3	no_rendered_page
9HCC	2	no_rendered_page
9HCD	2	no_rendered_page
9HCE	2	no_rendered_page
9HCG	2	no_rendered_page
9HES	7	no_rendered_page
9HM6	2	no_rendered_page
9HMW	7	no_rendered_page
9HN9	1	no_rendered_page
9HNY	1	no_rendered_page
9HUQ	3	no_rendered_page
9I14	7	no_rendered_page
9I5T	2	no_rendered_page
9I5V	3	no_rendered_page
9I5X	3	no_rendered_page
9IGU	1	no_rendered_page
9J9I	5	no_rendered_page
9JPM	6	no_rendered_page
9JPO	6	no_rendered_page
9JPP	6	no_rendered_page
9JQ2	6	no_rendered_page
9K9H	1	no_rendered_page
9KBZ	2	no_rendered_page
9MOR	6	no_rendered_page
9MQ4	6	no_rendered_page
9MR4	6	no_rendered_page
9MTP	10	no_rendered_page
9MTQ	10	no_rendered_page
9MTR	10	no_rendered_page
9MTS	10	no_rendered_page
9MTT	10	no_rendered_page
9N2B	5	no_rendered_page
9N2C	5	no_rendered_page
9N74	3	no_rendered_page
9N75	3	no_rendered_page
9N76	3	no_rendered_page
9N77	3	no_rendered_page
9N78	3	no_rendered_page
9N79	3	no_rendered_page
9N7A	3	no_rendered_page
9N7B	3	no_rendered_page
9N96	2	no_rendered_page
9NAP	1	no_rendered_page
9NDP	6	no_rendered_page
9NJF	5	no_rendered_page
9NJV	5	no_rendered_page
9NKL	5	no_rendered_page
9NL5	5	no_rendered_page
9NL6	5	no_rendered_page
9NL7	5	no_rendered_page
9NLB	5	no_rendered_page
9NLE	5	no_rendered_page
9NLF	5	no_rendered_page
9NLJ	5	no_rendered_page
9NO7	5	no_rendered_page
9O3H	14	no_rendered_page
9O3I	14	no_rendered_page
9O3J	14	no_rendered_page
9O3K	14	no_rendered_page
9O3L	14	no_rendered_page
9O3V	6	no_rendered_page
9O3W	6	no_rendered_page
9OBM	1	no_rendered_page
9OGY	2	no_rendered_page
9OLF	7	no_rendered_page
9P6Z	6	no_rendered_page
9P72	6	no_rendered_page
9P73	6	no_rendered_page
9P76	6	no_rendered_page
9P78	5	no_rendered_page
9P79	5	no_rendered_page
9P7A	5	no_rendered_page
9P7C	5	no_rendered_page
9P7D	5	no_rendered_page
9P7E	5	no_rendered_page
9P7F	6	no_rendered_page
9P7G	7	no_rendered_page
9P7H	6	no_rendered_page
9P7I	7	no_rendered_page
9P7J	5	no_rendered_page
9P7K	7	no_rendered_page
9P7L	6	no_rendered_page
9P7N	7	no_rendered_page
9P7O	7	no_rendered_page
9P7W	6	no_rendered_page
9P7X	7	no_rendered_page
9P7Y	7	no_rendered_page
9P8B	7	no_rendered_page
9P8C	4	no_rendered_page
9P8H	6	no_rendered_page
9P8I	6	no_rendered_page
9P9H	5	no_rendered_page
9P9I	5	no_rendered_page
9P9J	3	no_rendered_page
9P9K	3	no_rendered_page
9PA7	6	no_rendered_page
9PBE	5	no_rendered_page
9PGI	7	no_rendered_page
9PGL	6	no_rendered_page
9PGM	6	no_rendered_page
9PKG	5	no_rendered_page
9PN5	4	no_rendered_page
9PR4	2	no_rendered_page
9PRA	2	no_rendered_page
9PRD	5	no_rendered_page
9PRQ	6	no_rendered_page
9PRX	6	no_rendered_page
9PS0	6	no_rendered_page
9PS7	7	no_rendered_page
9PSI	7	no_rendered_page
9PSM	6	no_rendered_page
9Q7Q	6	no_rendered_page
9Q87	6	no_rendered_page
9QB2	2	no_rendered_page
9QB3	2	no_rendered_page
9QEG	7	no_rendered_page
9QOH	7	no_rendered_page
9QQL	7	no_rendered_page
9QQP	7	no_rendered_page
9QQQ	5	no_rendered_page
9QSA	7	no_rendered_page
9QSJ	6	no_rendered_page
9QWT	7	no_rendered_page
9QZP	8	no_rendered_page
9R3A	6	no_rendered_page
9R7Q	1	no_rendered_page
9R7W	1	no_rendered_page
9RHU	7	no_rendered_page
9RTU	6	no_rendered_page
9RTV	6	no_rendered_page
9RU7	7	no_rendered_page
9RUC	7	no_rendered_page
9SPF	8	no_rendered_page
9SPI	8	no_rendered_page
9SRD	3	no_rendered_page
9SRO	6	no_rendered_page
9SYH	7	no_rendered_page
9T0Y	7	no_rendered_page
9T19	4	no_rendered_page
9T1A	4	no_rendered_page
9T1B	4	no_rendered_page
9T1C	3	no_rendered_page
9T1E	4	no_rendered_page
9T1F	4	no_rendered_page
9T1G	3	no_rendered_page
9T1H	4	no_rendered_page
9T1I	3	no_rendered_page
9T1J	4	no_rendered_page
9T2J	2	no_rendered_page
9T2K	4	no_rendered_page
9T2L	4	no_rendered_page
9T2M	3	no_rendered_page
9T2N	4	no_rendered_page
9T2O	3	no_rendered_page
9T2P	4	no_rendered_page
9T2Q	4	no_rendered_page
9T2R	3	no_rendered_page
9T2S	4	no_rendered_page
9T4R	5	no_rendered_page
9T6M	7	no_rendered_page
9T8K	2	no_rendered_page
9T8L	2	no_rendered_page
9T8M	2	no_rendered_page
9T8N	4	no_rendered_page
9T8O	2	no_rendered_page
9T8P	3	no_rendered_page
9T8Q	3	no_rendered_page
9T8R	3	no_rendered_page
9T8S	3	no_rendered_page
9T8T	4	no_rendered_page
9TEZ	3	no_rendered_page
9TVU	5	no_rendered_page
9UJU	2	no_rendered_page
9UZK	3	no_rendered_page
9UZM	1	no_rendered_page
9V1I	3	no_rendered_page
9V1L	4	no_rendered_page
9V21	6	no_rendered_page
9V24	7	no_rendered_page
9V25	5	no_rendered_page
9V26	7	no_rendered_page
9W4R	1	no_rendered_page
9W4S	1	no_rendered_page
9X4H	1	no_rendered_page
9XZQ	1	no_rendered_page
9XZR	1	no_rendered_page
9XZS	1	no_rendered_page
9Y42	6	no_rendered_page
9Y44	8	no_rendered_page
9Y49	6	no_rendered_page
9Y4G	8	no_rendered_page
9Y4H	6	no_rendered_page
9YPG	8	no_rendered_page
9YPO	8	no_rendered_page
9YPS	8	no_rendered_page
9YPT	8	no_rendered_page
9YPV	8	no_rendered_page
9YPW	8	no_rendered_page
9YPY	8	no_rendered_page
9YPZ	7	no_rendered_page
9YQ0	7	no_rendered_page
9YQ1	7	no_rendered_page
9Z6I	1	no_rendered_page
9ZRG	6	no_rendered_page
9ZTL	5	no_rendered_page
