caseKey	pdbId	requestedFamilies	closureStatus	finalStatus
RMDB2PDB:10ZU	10ZU	B	ready	ready
RMDB2PDB:1A60	1A60	B	ready	ready
RMDB2PDB:1H1K	1H1K	A,B	ready	ready
RMDB2PDB:1J1U	1J1U	A,B	ready	ready
RMDB2PDB:1J2B	1J2B	A,B	ready	ready
RMDB2PDB:1RY1	1RY1	B	ready	ready
RMDB2PDB:1VC5	1VC5	A,B	ready	ready
RMDB2PDB:2CZJ	2CZJ	A,B	ready	ready
RMDB2PDB:2IY5	2IY5	A,B	ready	ready
RMDB2PDB:2K95	2K95	A,B	ready	ready
RMDB2PDB:2MXL	2MXL	A	ready	ready
RMDB2PDB:2N1Q	2N1Q	A,B	ready	ready
RMDB2PDB:2NOQ	2NOQ	A,B	ready	ready
RMDB2PDB:2TPK	2TPK	B	ready	ready
RMDB2PDB:3A2K	3A2K	A,B	ready	ready
RMDB2PDB:3AM1	3AM1	A,B	ready	ready
RMDB2PDB:3GOG	3GOG	A,B	ready	ready
RMDB2PDB:3J5Y	3J5Y	A,B	ready	ready
RMDB2PDB:3MOJ	3MOJ	A,B	ready	ready
RMDB2PDB:3NKB	3NKB	A,B	ready	ready
RMDB2PDB:3PDR	3PDR	A,B	ready	ready
RMDB2PDB:3RW6	3RW6	A,B	ready	ready
RMDB2PDB:3W3S	3W3S	A,B	ready	ready
RMDB2PDB:4FEN	4FEN	A,B	ready	ready
RMDB2PDB:4JF2	4JF2	A,B	ready	ready
RMDB2PDB:4JYZ	4JYZ	A,B	ready	ready
RMDB2PDB:4K27	4K27	B	ready	ready
RMDB2PDB:4N0T	4N0T	A,B	ready	ready
RMDB2PDB:4O26	4O26	A,B	ready	ready
RMDB2PDB:4PKD	4PKD	A	ready	ready
RMDB2PDB:4PLX	4PLX	A,B	ready	ready
RMDB2PDB:4QYZ	4QYZ	A,B	ready	ready
RMDB2PDB:4RMO	4RMO	A,B	ready	ready
RMDB2PDB:4RZD	4RZD	B	ready	ready
RMDB2PDB:4TS2	4TS2	A,B	ready	ready
RMDB2PDB:4TZZ	4TZZ	A,B	ready	ready
RMDB2PDB:4UE5	4UE5	A,B	ready	ready
RMDB2PDB:4V2S	4V2S	A	ready	ready
RMDB2PDB:4V4X	4V4X	A,B	ready	ready
RMDB2PDB:4V7M	4V7M	A,B	ready	ready
RMDB2PDB:4V8Q	4V8Q	A,B	ready	ready
RMDB2PDB:4V90	4V90	A,B	ready	ready
RMDB2PDB:4WFL	4WFL	A,B	ready	ready
RMDB2PDB:4WFM	4WFM	A,B	ready	ready
RMDB2PDB:4WJ3	4WJ3	A,B	ready	ready
RMDB2PDB:5AJ4	5AJ4	A,B	ready	ready
RMDB2PDB:5DCV	5DCV	A,B	ready	ready
RMDB2PDB:5FLX	5FLX	A,B	ready	ready
RMDB2PDB:5KH8	5KH8	A	ready	ready
RMDB2PDB:5KPY	5KPY	A,B	ready	ready
RMDB2PDB:5ML7	5ML7	A,B	ready	ready
RMDB2PDB:5MYJ	5MYJ	A,B	ready	ready
RMDB2PDB:5NCO	5NCO	A,B	ready	ready
RMDB2PDB:5TC1	5TC1	A,B	ready	ready
RMDB2PDB:5TPY	5TPY	A,B	ready	ready
RMDB2PDB:5V3I	5V3I	A,B	ready	ready
RMDB2PDB:5W4K	5W4K	A,B	ready	ready
RMDB2PDB:5X8P	5X8P	A,B	ready	ready
RMDB2PDB:5Y36	5Y36	A,B	ready	ready
RMDB2PDB:6AAY	6AAY	A	ready	ready
RMDB2PDB:6AH3	6AH3	A,B	ready	ready
RMDB2PDB:6B14	6B14	B	ready	ready
RMDB2PDB:6CB3	6CB3	A,B	ready	ready
RMDB2PDB:6CU1	6CU1	A,B	ready	ready
RMDB2PDB:6DLR	6DLR	A,B	ready	ready
RMDB2PDB:6DTD	6DTD	A	ready	ready
RMDB2PDB:6DVK	6DVK	A,B	ready	ready
RMDB2PDB:6E9F	6E9F	B	ready	ready
RMDB2PDB:6JDV	6JDV	A,B	ready	ready
RMDB2PDB:6LNB	6LNB	A,B	ready	ready
RMDB2PDB:6ME0	6ME0	A,B	ready	ready
RMDB2PDB:6MJ0	6MJ0	A,B	ready	ready
RMDB2PDB:6MWN	6MWN	A,B	ready	ready
RMDB2PDB:6N2V	6N2V	A,B	ready	ready
RMDB2PDB:6PMO	6PMO	A,B	ready	ready
RMDB2PDB:6QN3	6QN3	A,B	ready	ready
RMDB2PDB:6R47	6R47	B	ready	ready
RMDB2PDB:6RJA	6RJA	A,B	ready	ready
RMDB2PDB:6SY6	6SY6	B	ready	ready
RMDB2PDB:6TQN	6TQN	A,B	ready	ready
RMDB2PDB:6U8K	6U8K	A,B	ready	ready
RMDB2PDB:6UFH	6UFH	A,B	ready	ready
RMDB2PDB:6URO	6URO	B	ready	ready
RMDB2PDB:6V5C	6V5C	A,B	ready	ready
RMDB2PDB:6VRC	6VRC	B	ready	ready
RMDB2PDB:6W2T	6W2T	A,B	ready	ready
RMDB2PDB:6WJS	6WJS	A,B	ready	ready
RMDB2PDB:6WLQ	6WLQ	A,B	ready	ready
RMDB2PDB:6WLU	6WLU	A,B	ready	ready
RMDB2PDB:6WW6	6WW6	A,B	ready	ready
RMDB2PDB:6WZS	6WZS	A,B	ready	ready
RMDB2PDB:6XIQ	6XIQ	A,B	ready	ready
RMDB2PDB:6XKN	6XKN	B	ready	ready
RMDB2PDB:6ZMO	6ZMO	A,B	ready	ready
RMDB2PDB:6ZQD	6ZQD	A,B	ready	ready
RMDB2PDB:7AOR	7AOR	A,B	ready	ready
RMDB2PDB:7AZY	7AZY	A,B	ready	ready
RMDB2PDB:7D0F	7D0F	A,B	ready	ready
RMDB2PDB:7EU9	7EU9	A,B	ready	ready
RMDB2PDB:7JJU	7JJU	B	ready	ready
RMDB2PDB:7KHA	7KHA	B	ready	ready
RMDB2PDB:7L0Z	7L0Z	A,B	ready	ready
RMDB2PDB:7LJ3	7LJ3	A,B	ready	ready
RMDB2PDB:7MRL	7MRL	A,B	ready	ready
RMDB2PDB:7O7Z	7O7Z	A,B	ready	ready
RMDB2PDB:7OG4	7OG4	A,B	ready	ready
RMDB2PDB:7ONU	7ONU	A,B	ready	ready
RMDB2PDB:7PIB	7PIB	A,B	ready	ready
RMDB2PDB:7PTQ	7PTQ	A,B	ready	ready
RMDB2PDB:7QIY	7QIY	A,B	ready	ready
RMDB2PDB:7QQR	7QQR	A,B	ready	ready
RMDB2PDB:7QWQ	7QWQ	A,B	ready	ready
RMDB2PDB:7TTU	7TTU	A,B	ready	ready
RMDB2PDB:7U0Y	7U0Y	A,B	ready	ready
RMDB2PDB:7UZ0	7UZ0	A,B	ready	ready
RMDB2PDB:7V08	7V08	A,B	ready	ready
RMDB2PDB:7WJU	7WJU	A,B	ready	ready
RMDB2PDB:7WKP	7WKP	B	ready	ready
RMDB2PDB:7XG1	7XG1	A	ready	ready
RMDB2PDB:7XLT	7XLT	B	ready	ready
RMDB2PDB:7YNC	7YNC	A,B	ready	ready
RMDB2PDB:7ZPJ	7ZPJ	B	ready	ready
RMDB2PDB:8ASW	8ASW	A,B	ready	ready
RMDB2PDB:8BVM	8BVM	A,B	ready	ready
RMDB2PDB:8DFS	8DFS	A	ready	ready
RMDB2PDB:8EUG	8EUG	A,B	ready	ready
RMDB2PDB:8FF4	8FF4	A,B	ready	ready
RMDB2PDB:8G8Z	8G8Z	A,B	ready	ready
RMDB2PDB:8G9Z	8G9Z	A,B	ready	ready
RMDB2PDB:8GNA	8GNA	A	ready	ready
RMDB2PDB:8H1J	8H1J	A,B	ready	ready
RMDB2PDB:8IBZ	8IBZ	A,B	ready	ready
RMDB2PDB:8OO0	8OO0	A,B	ready	ready
RMDB2PDB:8P8W	8P8W	A,B	ready	ready
RMDB2PDB:8PV4	8PV4	A,B	ready	ready
RMDB2PDB:8Q87	8Q87	A,B	ready	ready
RMDB2PDB:8QO2	8QO2	A,B	ready	ready
RMDB2PDB:8QO4	8QO4	A,B	ready	ready
RMDB2PDB:8RR3	8RR3	A,B	ready	ready
RMDB2PDB:8T2T	8T2T	A,B	ready	ready
RMDB2PDB:8TJV	8TJV	A,B	ready	ready
RMDB2PDB:8UYE	8UYE	A,B	ready	ready
RMDB2PDB:8V87	8V87	A,B	ready	ready
RMDB2PDB:8Y7E	8Y7E	A,B	ready	ready
RMDB2PDB:9BDN	9BDN	A,B	ready	ready
RMDB2PDB:9ELY	9ELY	A,B	ready	ready
RMDB2PDB:9ENB	9ENB	A,B	ready	ready
RMDB2PDB:9ENE	9ENE	A,B	ready	ready
RMDB2PDB:9G25	9G25	A,B	ready	ready
RMDB2PDB:9G7C	9G7C	A,B	ready	ready
RMDB2PDB:9GGR	9GGR	A,B	ready	ready
RMDB2PDB:9H90	9H90	A,B	ready	ready
RMDB2PDB:9HM5	9HM5	A,B	ready	ready
RMDB2PDB:9HN7	9HN7	A,B	ready	ready
RMDB2PDB:9HWG	9HWG	A,B	ready	ready
RMDB2PDB:9IMK	9IMK	A,B	ready	ready
RMDB2PDB:9J4O	9J4O	A,B	ready	ready
RMDB2PDB:9J5O	9J5O	A,B	ready	ready
RMDB2PDB:9J6Y	9J6Y	A,B	ready	ready
RMDB2PDB:9K1Q	9K1Q	A,B	ready	ready
RMDB2PDB:9K9J	9K9J	A,B	ready	ready
RMDB2PDB:9L5R	9L5R	A,B	ready	ready
RMDB2PDB:9MB7	9MB7	A,B	ready	ready
RMDB2PDB:9MK3	9MK3	A,B	ready	ready
RMDB2PDB:9MKT	9MKT	A	ready	ready
RMDB2PDB:9N6T	9N6T	A,B	ready	ready
RMDB2PDB:9NH6	9NH6	A,B	ready	ready
RMDB2PDB:9OWM	9OWM	A,B	ready	ready
RMDB2PDB:9R3A	9R3A	A,B	ready	ready
RMDB2PDB:9RUC	9RUC	A,B	ready	ready
RMDB2PDB:9RWA	9RWA	A,B	ready	ready
RMDB2PDB:9RWB	9RWB	A,B	ready	ready
RMDB2PDB:9SFB	9SFB	A,B	ready	ready
RMDB2PDB:9SS6	9SS6	A,B	ready	ready
RMDB2PDB:9UZL	9UZL	A,B	ready	ready
RMDB2PDB:9Y4G	9Y4G	A,B	ready	ready
RMDB2PDB:9ZC6	9ZC6	A,B	ready	ready
RMDB2PDB:9ZC8	9ZC8	A,B	ready	ready
RMDB2PDB:9ZNF	9ZNF	A,B	ready	ready
RMDB2PDB:10ZT	10ZT	B	ready	ready
RMDB2PDB:11AG	11AG	B	ready	ready
RMDB2PDB:1C9S	1C9S	A	ready	ready
RMDB2PDB:1FFZ	1FFZ	A,B	ready	ready
RMDB2PDB:1IVS	1IVS	A,B	ready	ready
RMDB2PDB:1U63	1U63	A,B	ready	ready
RMDB2PDB:1U9S	1U9S	A,B	ready	ready
RMDB2PDB:2DU4	2DU4	A,B	ready	ready
RMDB2PDB:2DXI	2DXI	A,B	ready	ready
RMDB2PDB:2EEV	2EEV	A,B	ready	ready
RMDB2PDB:2J37	2J37	A,B	ready	ready
RMDB2PDB:2K96	2K96	B	ready	ready
RMDB2PDB:2L3J	2L3J	A,B	ready	ready
RMDB2PDB:2L94	2L94	A	ready	ready
RMDB2PDB:2LC8	2LC8	A,B	ready	ready
RMDB2PDB:2M8K	2M8K	A	ready	ready
RMDB2PDB:2MIY	2MIY	A,B	ready	ready
RMDB2PDB:2N4L	2N4L	A	ready	ready
RMDB2PDB:2QUS	2QUS	A,B	ready	ready
RMDB2PDB:2RKJ	2RKJ	A,B	ready	ready
RMDB2PDB:2XD0	2XD0	A,B	ready	ready
RMDB2PDB:2XXA	2XXA	A,B	ready	ready
RMDB2PDB:2ZNI	2ZNI	A,B	ready	ready
RMDB2PDB:2ZZM	2ZZM	A,B	ready	ready
RMDB2PDB:3B4C	3B4C	A,B	ready	ready
RMDB2PDB:3DIL	3DIL	A,B	ready	ready
RMDB2PDB:3HAY	3HAY	A,B	ready	ready
RMDB2PDB:3I56	3I56	A,B	ready	ready
RMDB2PDB:3ICQ	3ICQ	A,B	ready	ready
RMDB2PDB:3JCS	3JCS	A,B	ready	ready
RMDB2PDB:3KFU	3KFU	A,B	ready	ready
RMDB2PDB:3LA5	3LA5	A,B	ready	ready
RMDB2PDB:3NDB	3NDB	A,B	ready	ready
RMDB2PDB:3Q1R	3Q1R	A,B	ready	ready
RMDB2PDB:3RG5	3RG5	A,B	ready	ready
RMDB2PDB:3RKF	3RKF	A,B	ready	ready
RMDB2PDB:3WQY	3WQY	A,B	ready	ready
RMDB2PDB:4BTS	4BTS	A,B	ready	ready
RMDB2PDB:4C4Q	4C4Q	A,B	ready	ready
RMDB2PDB:4C7O	4C7O	A	ready	ready
RMDB2PDB:4FRG	4FRG	A,B	ready	ready
RMDB2PDB:4FRN	4FRN	A,B	ready	ready
RMDB2PDB:4LX6	4LX6	A,B	ready	ready
RMDB2PDB:4M4O	4M4O	A	ready	ready
RMDB2PDB:4P5J	4P5J	A,B	ready	ready
RMDB2PDB:4Q9R	4Q9R	A,B	ready	ready
RMDB2PDB:4U7U	4U7U	A,B	ready	ready
RMDB2PDB:4UYK	4UYK	A,B	ready	ready
RMDB2PDB:4V4W	4V4W	A,B	ready	ready
RMDB2PDB:4V6I	4V6I	A,B	ready	ready
RMDB2PDB:4V8A	4V8A	A,B	ready	ready
RMDB2PDB:4X4U	4X4U	A,B	ready	ready
RMDB2PDB:4XCO	4XCO	A,B	ready	ready
RMDB2PDB:4XEJ	4XEJ	A,B	ready	ready
RMDB2PDB:4YYE	4YYE	A,B	ready	ready
RMDB2PDB:4ZNP	4ZNP	A,B	ready	ready
RMDB2PDB:4ZT0	4ZT0	A,B	ready	ready
RMDB2PDB:5AH5	5AH5	A,B	ready	ready
RMDB2PDB:5BTM	5BTM	A,B	ready	ready
RMDB2PDB:5DDR	5DDR	A,B	ready	ready
RMDB2PDB:5FQ5	5FQ5	A,B	ready	ready
RMDB2PDB:5JC9	5JC9	A,B	ready	ready
RMDB2PDB:5JPQ	5JPQ	A,B	ready	ready
RMDB2PDB:5L3P	5L3P	A,B	ready	ready
RMDB2PDB:5M0H	5M0H	A	ready	ready
RMDB2PDB:5U3G	5U3G	A,B	ready	ready
RMDB2PDB:5UNE	5UNE	A,B	ready	ready
RMDB2PDB:5WTI	5WTI	A,B	ready	ready
RMDB2PDB:5XXU	5XXU	A,B	ready	ready
RMDB2PDB:6BG9	6BG9	A,B	ready	ready
RMDB2PDB:6CK5	6CK5	A,B	ready	ready
RMDB2PDB:6D3P	6D3P	A	ready	ready
RMDB2PDB:6D8L	6D8L	A,B	ready	ready
RMDB2PDB:6D8O	6D8O	A,B	ready	ready
RMDB2PDB:6IFO	6IFO	A,B	ready	ready
RMDB2PDB:6IV6	6IV6	B	ready	ready
RMDB2PDB:6IV8	6IV8	A,B	ready	ready
RMDB2PDB:6PQ7	6PQ7	A	ready	ready
RMDB2PDB:6QKL	6QKL	A,B	ready	ready
RMDB2PDB:6QYZ	6QYZ	A,B	ready	ready
RMDB2PDB:6TFE	6TFE	A	ready	ready
RMDB2PDB:6U79	6U79	B	ready	ready
RMDB2PDB:6UEY	6UEY	A,B	ready	ready
RMDB2PDB:6VMY	6VMY	A,B	ready	ready
RMDB2PDB:6WB1	6WB1	A,B	ready	ready
RMDB2PDB:6X5N	6X5N	A,B	ready	ready
RMDB2PDB:6Z1P	6Z1P	A,B	ready	ready
RMDB2PDB:7D4I	7D4I	A,B	ready	ready
RMDB2PDB:7D8O	7D8O	A,B	ready	ready
RMDB2PDB:7DMQ	7DMQ	A,B	ready	ready
RMDB2PDB:7ELD	7ELD	A,B	ready	ready
RMDB2PDB:7ENI	7ENI	A,B	ready	ready
RMDB2PDB:7JQC	7JQC	A,B	ready	ready
RMDB2PDB:7JRS	7JRS	A,B	ready	ready
RMDB2PDB:7JRT	7JRT	B	ready	ready
RMDB2PDB:7K16	7K16	B	ready	ready
RMDB2PDB:7KGA	7KGA	A,B	ready	ready
RMDB2PDB:7KVU	7KVU	A,B	ready	ready
RMDB2PDB:7MLX	7MLX	A	ready	ready
RMDB2PDB:7OBQ	7OBQ	A,B	ready	ready
RMDB2PDB:7PMQ	7PMQ	A,B	ready	ready
RMDB2PDB:7PNV	7PNV	A,B	ready	ready
RMDB2PDB:7QDU	7QDU	A,B	ready	ready
RMDB2PDB:7QGH	7QGH	A,B	ready	ready
RMDB2PDB:7QR5	7QR5	A,B	ready	ready
RMDB2PDB:7R21	7R21	B	ready	ready
RMDB2PDB:7SCQ	7SCQ	A,B	ready	ready
RMDB2PDB:7SLP	7SLP	A,B	ready	ready
RMDB2PDB:7U2J	7U2J	A,B	ready	ready
RMDB2PDB:7UZY	7UZY	A	ready	ready
RMDB2PDB:7V9E	7V9E	A,B	ready	ready
RMDB2PDB:7WII	7WII	B	ready	ready
RMDB2PDB:7XFZ	7XFZ	A,B	ready	ready
RMDB2PDB:7XG4	7XG4	A,B	ready	ready
RMDB2PDB:7XUI	7XUI	A,B	ready	ready
RMDB2PDB:7XW2	7XW2	A,B	ready	ready
RMDB2PDB:7Y85	7Y85	A,B	ready	ready
RMDB2PDB:7YHS	7YHS	A,B	ready	ready
RMDB2PDB:7YOJ	7YOJ	A,B	ready	ready
RMDB2PDB:7YR7	7YR7	A,B	ready	ready
RMDB2PDB:7Z3N	7Z3N	A,B	ready	ready
RMDB2PDB:7ZRZ	7ZRZ	A,B	ready	ready
RMDB2PDB:8AC0	8AC0	A,B	ready	ready
RMDB2PDB:8AW3	8AW3	A,B	ready	ready
RMDB2PDB:8BTR	8BTR	A,B	ready	ready
RMDB2PDB:8D4A	8D4A	A,B	ready	ready
RMDB2PDB:8D8L	8D8L	A,B	ready	ready
RMDB2PDB:8D97	8D97	A	ready	ready
RMDB2PDB:8DFV	8DFV	B	ready	ready
RMDB2PDB:8E79	8E79	A,B	ready	ready
RMDB2PDB:8FLI	8FLI	A,B	ready	ready
RMDB2PDB:8FR8	8FR8	A,B	ready	ready
RMDB2PDB:8GKH	8GKH	A,B	ready	ready
RMDB2PDB:8GXB	8GXB	A,B	ready	ready
RMDB2PDB:8HL3	8HL3	A,B	ready	ready
RMDB2PDB:8HMY	8HMY	A,B	ready	ready
RMDB2PDB:8I7N	8I7N	B	ready	ready
RMDB2PDB:8IDF	8IDF	B	ready	ready
RMDB2PDB:8K0R	8K0R	A,B	ready	ready
RMDB2PDB:8K23	8K23	A,B	ready	ready
RMDB2PDB:8OIN	8OIN	A,B	ready	ready
RMDB2PDB:8OP2	8OP2	A,B	ready	ready
RMDB2PDB:8OZ0	8OZ0	A,B	ready	ready
RMDB2PDB:8RM5	8RM5	A,B	ready	ready
RMDB2PDB:8S95	8S95	A,B	ready	ready
RMDB2PDB:8SA5	8SA5	A,B	ready	ready
RMDB2PDB:8TJX	8TJX	A,B	ready	ready
RMDB2PDB:8UYL	8UYL	A,B	ready	ready
RMDB2PDB:8UYS	8UYS	A,B	ready	ready
RMDB2PDB:8V1H	8V1H	A,B	ready	ready
RMDB2PDB:8WND	8WND	A,B	ready	ready
RMDB2PDB:9ASP	9ASP	A,B	ready	ready
RMDB2PDB:9D85	9D85	A,B	ready	ready
RMDB2PDB:9DRT	9DRT	A,B	ready	ready
RMDB2PDB:9E0N	9E0N	A,B	ready	ready
RMDB2PDB:9FMD	9FMD	A,B	ready	ready
RMDB2PDB:9FQ6	9FQ6	A,B	ready	ready
RMDB2PDB:9G30	9G30	A,B	ready	ready
RMDB2PDB:9G8M	9G8M	A,B	ready	ready
RMDB2PDB:9GO0	9GO0	A,B	ready	ready
RMDB2PDB:9HCH	9HCH	A,B	ready	ready
RMDB2PDB:9I78	9I78	A,B	ready	ready
RMDB2PDB:9J4N	9J4N	A,B	ready	ready
RMDB2PDB:9J9H	9J9H	A,B	ready	ready
RMDB2PDB:9KGG	9KGG	A,B	ready	ready
RMDB2PDB:9KGH	9KGH	A,B	ready	ready
RMDB2PDB:9N9J	9N9J	A,B	ready	ready
RMDB2PDB:9OJM	9OJM	A,B	ready	ready
RMDB2PDB:9OWN	9OWN	A,B	ready	ready
RMDB2PDB:9OWQ	9OWQ	A,B	ready	ready
RMDB2PDB:9OZZ	9OZZ	A,B	ready	ready
RMDB2PDB:9Q87	9Q87	A,B	ready	ready
RMDB2PDB:9QEH	9QEH	A,B	ready	ready
RMDB2PDB:9QRP	9QRP	A,B	ready	ready
RMDB2PDB:9QU7	9QU7	A,B	ready	ready
RMDB2PDB:9RW1	9RW1	A,B	ready	ready
RMDB2PDB:9SLG	9SLG	A,B	ready	ready
RMDB2PDB:9YLU	9YLU	A,B	ready	ready
RMDB2PDB:9ZIY	9ZIY	A,B	ready	ready
RMDB2PDB:11EH	11EH	B	ready	ready
RMDB2PDB:11FV	11FV	A,B	ready	ready
RMDB2PDB:1E95	1E95	B	ready	ready
RMDB2PDB:1GRZ	1GRZ	A,B	ready	ready
RMDB2PDB:1GTN	1GTN	A	ready	ready
RMDB2PDB:1KUQ	1KUQ	B	ready	ready
RMDB2PDB:1MZP	1MZP	A	ready	ready
RMDB2PDB:1P6V	1P6V	A,B	ready	ready
RMDB2PDB:1QF6	1QF6	A,B	ready	ready
RMDB2PDB:1UN6	1UN6	A,B	ready	ready
RMDB2PDB:1Y27	1Y27	A,B	ready	ready
RMDB2PDB:2D6F	2D6F	A,B	ready	ready
RMDB2PDB:2DR2	2DR2	A,B	ready	ready
RMDB2PDB:2HW8	2HW8	A	ready	ready
RMDB2PDB:2IHX	2IHX	B	ready	ready
RMDB2PDB:2KRL	2KRL	A,B	ready	ready
RMDB2PDB:2MS0	2MS0	B	ready	ready
RMDB2PDB:2OIU	2OIU	A,B	ready	ready
RMDB2PDB:2OM7	2OM7	A,B	ready	ready
RMDB2PDB:2R8S	2R8S	A,B	ready	ready
RMDB2PDB:2VPL	2VPL	A,B	ready	ready
RMDB2PDB:3CC7	3CC7	A,B	ready	ready
RMDB2PDB:3CCU	3CCU	A,B	ready	ready
RMDB2PDB:3EGZ	3EGZ	B	ready	ready
RMDB2PDB:3EPL	3EPL	A,B	ready	ready
RMDB2PDB:3IAB	3IAB	A	ready	ready
RMDB2PDB:3IGI	3IGI	A,B	ready	ready
RMDB2PDB:3IVN	3IVN	A,B	ready	ready
RMDB2PDB:3IZ4	3IZ4	A,B	ready	ready
RMDB2PDB:3JBV	3JBV	A,B	ready	ready
RMDB2PDB:3KTW	3KTW	A,B	ready	ready
RMDB2PDB:3LQX	3LQX	B	ready	ready
RMDB2PDB:3LWV	3LWV	A	ready	ready
RMDB2PDB:3P22	3P22	A,B	ready	ready
RMDB2PDB:3R4F	3R4F	A,B	ready	ready
RMDB2PDB:3SUX	3SUX	A,B	ready	ready
RMDB2PDB:3ZP8	3ZP8	A	ready	ready
RMDB2PDB:4CXG	4CXG	A,B	ready	ready
RMDB2PDB:4ERL	4ERL	A,B	ready	ready
RMDB2PDB:4JI4	4JI4	A,B	ready	ready
RMDB2PDB:4PJO	4PJO	A,B	ready	ready
RMDB2PDB:4PMI	4PMI	B	ready	ready
RMDB2PDB:4R4V	4R4V	A,B	ready	ready
RMDB2PDB:4V6U	4V6U	A,B	ready	ready
RMDB2PDB:4V8N	4V8N	A,B	ready	ready
RMDB2PDB:4WZJ	4WZJ	A,B	ready	ready
RMDB2PDB:4YVI	4YVI	A,B	ready	ready
RMDB2PDB:5AXN	5AXN	A,B	ready	ready
RMDB2PDB:5B2Q	5B2Q	A,B	ready	ready
RMDB2PDB:5H9F	5H9F	A,B	ready	ready
RMDB2PDB:5J88	5J88	A,B	ready	ready
RMDB2PDB:5JVG	5JVG	A,B	ready	ready
RMDB2PDB:5KK5	5KK5	A,B	ready	ready
RMDB2PDB:5M73	5M73	A,B	ready	ready
RMDB2PDB:5NG6	5NG6	A,B	ready	ready
RMDB2PDB:5NPM	5NPM	A,B	ready	ready
RMDB2PDB:5O7H	5O7H	A	ready	ready
RMDB2PDB:5WLH	5WLH	B	ready	ready
RMDB2PDB:5X2G	5X2G	A,B	ready	ready
RMDB2PDB:5XYI	5XYI	A,B	ready	ready
RMDB2PDB:5YYN	5YYN	A,B	ready	ready
RMDB2PDB:5ZEY	5ZEY	A,B	ready	ready
RMDB2PDB:6CIH	6CIH	A,B	ready	ready
RMDB2PDB:6D12	6D12	A	ready	ready
RMDB2PDB:6DB9	6DB9	B	ready	ready
RMDB2PDB:6E8T	6E8T	A,B	ready	ready
RMDB2PDB:6JOO	6JOO	A,B	ready	ready
RMDB2PDB:6JQ6	6JQ6	A,B	ready	ready
RMDB2PDB:6LXD	6LXD	A,B	ready	ready
RMDB2PDB:6M0X	6M0X	A,B	ready	ready
RMDB2PDB:6NUD	6NUD	A,B	ready	ready
RMDB2PDB:6P19	6P19	A,B	ready	ready
RMDB2PDB:6P5N	6P5N	A,B	ready	ready
RMDB2PDB:6RM3	6RM3	A,B	ready	ready
RMDB2PDB:6SY4	6SY4	A	ready	ready
RMDB2PDB:6TMF	6TMF	A,B	ready	ready
RMDB2PDB:6UP0	6UP0	B	ready	ready
RMDB2PDB:6VAR	6VAR	A,B	ready	ready
RMDB2PDB:6W3M	6W3M	A	ready	ready
RMDB2PDB:6WQQ	6WQQ	A,B	ready	ready
RMDB2PDB:6XAS	6XAS	A,B	ready	ready
RMDB2PDB:6XJQ	6XJQ	A,B	ready	ready
RMDB2PDB:6XMF	6XMF	A,B	ready	ready
RMDB2PDB:6YSI	6YSI	A,B	ready	ready
RMDB2PDB:6ZU5	6ZU5	A,B	ready	ready
RMDB2PDB:7A0R	7A0R	A,B	ready	ready
RMDB2PDB:7A5K	7A5K	A,B	ready	ready
RMDB2PDB:7A5P	7A5P	A,B	ready	ready
RMDB2PDB:7AIH	7AIH	A,B	ready	ready
RMDB2PDB:7BL5	7BL5	A,B	ready	ready
RMDB2PDB:7C7A	7C7A	A,B	ready	ready
RMDB2PDB:7C7L	7C7L	A,B	ready	ready
RMDB2PDB:7D82	7D82	B	ready	ready
RMDB2PDB:7D8C	7D8C	A	ready	ready
RMDB2PDB:7DA7	7DA7	A,B	ready	ready
RMDB2PDB:7JRR	7JRR	A	ready	ready
RMDB2PDB:7LHD	7LHD	A,B	ready	ready
RMDB2PDB:7LJY	7LJY	A,B	ready	ready
RMDB2PDB:7LYF	7LYF	A,B	ready	ready
RMDB2PDB:7MKY	7MKY	A	ready	ready
RMDB2PDB:7NHL	7NHL	A,B	ready	ready
RMDB2PDB:7NSI	7NSI	A,B	ready	ready
RMDB2PDB:7QIX	7QIX	A,B	ready	ready
RMDB2PDB:7QQ3	7QQ3	A,B	ready	ready
RMDB2PDB:7QR3	7QR3	A,B	ready	ready
RMDB2PDB:7S0S	7S0S	A,B	ready	ready
RMDB2PDB:7SLQ	7SLQ	B	ready	ready
RMDB2PDB:7TZS	7TZS	A,B	ready	ready
RMDB2PDB:7U5E	7U5E	A,B	ready	ready
RMDB2PDB:7UO0	7UO0	A,B	ready	ready
RMDB2PDB:7UO1	7UO1	A,B	ready	ready
RMDB2PDB:7UQ6	7UQ6	A,B	ready	ready
RMDB2PDB:7VG2	7VG2	B	ready	ready
RMDB2PDB:7VTN	7VTN	A,B	ready	ready
RMDB2PDB:7VW3	7VW3	A,B	ready	ready
RMDB2PDB:7VYX	7VYX	A,B	ready	ready
RMDB2PDB:7WAZ	7WAZ	A,B	ready	ready
RMDB2PDB:7WB1	7WB1	A,B	ready	ready
RMDB2PDB:7WM4	7WM4	A,B	ready	ready
RMDB2PDB:7XD6	7XD6	A,B	ready	ready
RMDB2PDB:7XHT	7XHT	A,B	ready	ready
RMDB2PDB:7Y83	7Y83	A,B	ready	ready
RMDB2PDB:8A57	8A57	A,B	ready	ready
RMDB2PDB:8ABZ	8ABZ	A,B	ready	ready
RMDB2PDB:8B0J	8B0J	A,B	ready	ready
RMDB2PDB:8BTZ	8BTZ	A,B	ready	ready
RMDB2PDB:8CBL	8CBL	A,B	ready	ready
RMDB2PDB:8CBO	8CBO	A,B	ready	ready
RMDB2PDB:8CTI	8CTI	A,B	ready	ready
RMDB2PDB:8CTL	8CTL	A,B	ready	ready
RMDB2PDB:8DC2	8DC2	A,B	ready	ready
RMDB2PDB:8DMB	8DMB	A,B	ready	ready
RMDB2PDB:8DP3	8DP3	A,B	ready	ready
RMDB2PDB:8DVU	8DVU	A	ready	ready
RMDB2PDB:8EG0	8EG0	A,B	ready	ready
RMDB2PDB:8F4O	8F4O	A,B	ready	ready
RMDB2PDB:8FCS	8FCS	A,B	ready	ready
RMDB2PDB:8FFR	8FFR	A,B	ready	ready
RMDB2PDB:8FMW	8FMW	A,B	ready	ready
RMDB2PDB:8FZR	8FZR	A,B	ready	ready
RMDB2PDB:8G1I	8G1I	A,B	ready	ready
RMDB2PDB:8G4I	8G4I	A,B	ready	ready
RMDB2PDB:8H2H	8H2H	A,B	ready	ready
RMDB2PDB:8J12	8J12	A,B	ready	ready
RMDB2PDB:8JOZ	8JOZ	A,B	ready	ready
RMDB2PDB:8JSG	8JSG	A,B	ready	ready
RMDB2PDB:8P60	8P60	A,B	ready	ready
RMDB2PDB:8P8V	8P8V	A,B	ready	ready
RMDB2PDB:8QO5	8QO5	A,B	ready	ready
RMDB2PDB:8R6F	8R6F	A,B	ready	ready
RMDB2PDB:8S8I	8S8I	A,B	ready	ready
RMDB2PDB:8SP9	8SP9	A,B	ready	ready
RMDB2PDB:8TOZ	8TOZ	A,B	ready	ready
RMDB2PDB:8URJ	8URJ	A,B	ready	ready
RMDB2PDB:8VV4	8VV4	A,B	ready	ready
RMDB2PDB:8WQ4	8WQ4	A,B	ready	ready
RMDB2PDB:8Y2O	8Y2O	A,B	ready	ready
RMDB2PDB:8ZYD	8ZYD	A,B	ready	ready
RMDB2PDB:9A9V	9A9V	A,B	ready	ready
RMDB2PDB:9DCF	9DCF	A,B	ready	ready
RMDB2PDB:9DPB	9DPB	A,B	ready	ready
RMDB2PDB:9E71	9E71	A,B	ready	ready
RMDB2PDB:9FBV	9FBV	A,B	ready	ready
RMDB2PDB:9G8P	9G8P	B	ready	ready
RMDB2PDB:9GUT	9GUT	A,B	ready	ready
RMDB2PDB:9HLZ	9HLZ	A,B	ready	ready
RMDB2PDB:9I2E	9I2E	A,B	ready	ready
RMDB2PDB:9I3L	9I3L	A,B	ready	ready
RMDB2PDB:9LOV	9LOV	A,B	ready	ready
RMDB2PDB:9MCW	9MCW	A,B	ready	ready
RMDB2PDB:9P4I	9P4I	A,B	ready	ready
RMDB2PDB:9QEG	9QEG	A,B	ready	ready
RMDB2PDB:9QT5	9QT5	A,B	ready	ready
RMDB2PDB:9R3D	9R3D	A,B	ready	ready
RMDB2PDB:9SAR	9SAR	A,B	ready	ready
RMDB2PDB:9SWN	9SWN	A,B	ready	ready
RMDB2PDB:9U48	9U48	A	ready	ready
RMDB2PDB:9X6B	9X6B	A,B	ready	ready
RMDB2PDB:9ZIU	9ZIU	A,B	ready	ready
RMDB2PDB:11BQ	11BQ	A,B	ready	ready
RMDB2PDB:1GID	1GID	A,B	ready	ready
RMDB2PDB:1H4Q	1H4Q	A,B	ready	ready
RMDB2PDB:1KXK	1KXK	A,B	ready	ready
RMDB2PDB:1NBS	1NBS	A,B	ready	ready
RMDB2PDB:1S03	1S03	A,B	ready	ready
RMDB2PDB:1X8W	1X8W	A,B	ready	ready
RMDB2PDB:28UL	28UL	B	ready	ready
RMDB2PDB:2CSX	2CSX	A,B	ready	ready
RMDB2PDB:2IL9	2IL9	A,B	ready	ready
RMDB2PDB:2KE6	2KE6	B	ready	ready
RMDB2PDB:2L1V	2L1V	A,B	ready	ready
RMDB2PDB:2M58	2M58	B	ready	ready
RMDB2PDB:2MF1	2MF1	A,B	ready	ready
RMDB2PDB:2WWB	2WWB	A,B	ready	ready
RMDB2PDB:2XDB	2XDB	A,B	ready	ready
RMDB2PDB:2XKV	2XKV	A,B	ready	ready
RMDB2PDB:3AMT	3AMT	A,B	ready	ready
RMDB2PDB:3CUL	3CUL	A,B	ready	ready
RMDB2PDB:3D2V	3D2V	A,B	ready	ready
RMDB2PDB:3DHS	3DHS	A,B	ready	ready
RMDB2PDB:3GOT	3GOT	A,B	ready	ready
RMDB2PDB:3IVK	3IVK	A,B	ready	ready
RMDB2PDB:3K0J	3K0J	A,B	ready	ready
RMDB2PDB:3OXM	3OXM	A,B	ready	ready
RMDB2PDB:3SD3	3SD3	B	ready	ready
RMDB2PDB:3TUP	3TUP	A,B	ready	ready
RMDB2PDB:4ENC	4ENC	A	ready	ready
RMDB2PDB:4GCW	4GCW	A,B	ready	ready
RMDB2PDB:4JRC	4JRC	A,B	ready	ready
RMDB2PDB:4MGN	4MGN	A,B	ready	ready
RMDB2PDB:4P8Z	4P8Z	A,B	ready	ready
RMDB2PDB:4PQV	4PQV	A,B	ready	ready
RMDB2PDB:4PR6	4PR6	A	ready	ready
RMDB2PDB:4PRF	4PRF	A,B	ready	ready
RMDB2PDB:4RDX	4RDX	A,B	ready	ready
RMDB2PDB:4RUM	4RUM	A,B	ready	ready
RMDB2PDB:4UYJ	4UYJ	A,B	ready	ready
RMDB2PDB:4V42	4V42	A,B	ready	ready
RMDB2PDB:4V4J	4V4J	A,B	ready	ready
RMDB2PDB:4X0B	4X0B	A,B	ready	ready
RMDB2PDB:5AKA	5AKA	A,B	ready	ready
RMDB2PDB:5AOX	5AOX	A,B	ready	ready
RMDB2PDB:5CD1	5CD1	A,B	ready	ready
RMDB2PDB:5D5L	5D5L	A,B	ready	ready
RMDB2PDB:5DAR	5DAR	A,B	ready	ready
RMDB2PDB:5DDO	5DDO	A,B	ready	ready
RMDB2PDB:5DH7	5DH7	B	ready	ready
RMDB2PDB:5EF3	5EF3	A	ready	ready
RMDB2PDB:5HC9	5HC9	A,B	ready	ready
RMDB2PDB:5LYV	5LYV	B	ready	ready
RMDB2PDB:5O69	5O69	A,B	ready	ready
RMDB2PDB:5OIK	5OIK	A,B	ready	ready
RMDB2PDB:5OQL	5OQL	A,B	ready	ready
RMDB2PDB:5VSU	5VSU	A,B	ready	ready
RMDB2PDB:5VT0	5VT0	A,B	ready	ready
RMDB2PDB:5VW1	5VW1	A,B	ready	ready
RMDB2PDB:5VZL	5VZL	A,B	ready	ready
RMDB2PDB:5WE4	5WE4	A,B	ready	ready
RMDB2PDB:5WWT	5WWT	A,B	ready	ready
RMDB2PDB:5X6B	5X6B	A,B	ready	ready
RMDB2PDB:5XLP	5XLP	B	ready	ready
RMDB2PDB:5XTM	5XTM	A,B	ready	ready
RMDB2PDB:5XWP	5XWP	A,B	ready	ready
RMDB2PDB:5ZTM	5ZTM	A	ready	ready
RMDB2PDB:6AHU	6AHU	A,B	ready	ready
RMDB2PDB:6C27	6C27	A,B	ready	ready
RMDB2PDB:6C66	6C66	A,B	ready	ready
RMDB2PDB:6D90	6D90	A,B	ready	ready
RMDB2PDB:6DN2	6DN2	A,B	ready	ready
RMDB2PDB:6E81	6E81	B	ready	ready
RMDB2PDB:6FRK	6FRK	A,B	ready	ready
RMDB2PDB:6FZ0	6FZ0	A,B	ready	ready
RMDB2PDB:6JXM	6JXM	A,B	ready	ready
RMDB2PDB:6K0B	6K0B	A,B	ready	ready
RMDB2PDB:6NEQ	6NEQ	A,B	ready	ready
RMDB2PDB:6OL3	6OL3	A,B	ready	ready
RMDB2PDB:6POM	6POM	A,B	ready	ready
RMDB2PDB:6SH8	6SH8	A,B	ready	ready
RMDB2PDB:6TPQ	6TPQ	A,B	ready	ready
RMDB2PDB:6UFG	6UFG	A,B	ready	ready
RMDB2PDB:6UFM	6UFM	A,B	ready	ready
RMDB2PDB:6VBW	6VBW	A,B	ready	ready
RMDB2PDB:6VPC	6VPC	A,B	ready	ready
RMDB2PDB:6VQX	6VQX	B	ready	ready
RMDB2PDB:6WBR	6WBR	A,B	ready	ready
RMDB2PDB:6WLK	6WLK	A,B	ready	ready
RMDB2PDB:6WNW	6WNW	A,B	ready	ready
RMDB2PDB:6WOO	6WOO	A,B	ready	ready
RMDB2PDB:6XKO	6XKO	A,B	ready	ready
RMDB2PDB:6XZR	6XZR	A	ready	ready
RMDB2PDB:6YT9	6YT9	A,B	ready	ready
RMDB2PDB:7ASP	7ASP	A,B	ready	ready
RMDB2PDB:7E8O	7E8O	A,B	ready	ready
RMDB2PDB:7ELE	7ELE	A,B	ready	ready
RMDB2PDB:7JNH	7JNH	A,B	ready	ready
RMDB2PDB:7KD1	7KD1	A,B	ready	ready
RMDB2PDB:7KKV	7KKV	B	ready	ready
RMDB2PDB:7KRO	7KRO	A,B	ready	ready
RMDB2PDB:7LVA	7LVA	A,B	ready	ready
RMDB2PDB:7LYG	7LYG	A,B	ready	ready
RMDB2PDB:7OKY	7OKY	A,B	ready	ready
RMDB2PDB:7PTS	7PTS	A,B	ready	ready
RMDB2PDB:7PWG	7PWG	A,B	ready	ready
RMDB2PDB:7QEP	7QEP	A,B	ready	ready
RMDB2PDB:7QH4	7QH4	A,B	ready	ready
RMDB2PDB:7QIZ	7QIZ	A,B	ready	ready
RMDB2PDB:7QR0	7QR0	A,B	ready	ready
RMDB2PDB:7QR4	7QR4	A,B	ready	ready
RMDB2PDB:7QR8	7QR8	A,B	ready	ready
RMDB2PDB:7S36	7S36	A,B	ready	ready
RMDB2PDB:7SBA	7SBA	A	ready	ready
RMDB2PDB:7SYS	7SYS	A,B	ready	ready
RMDB2PDB:7TQV	7TQV	A,B	ready	ready
RMDB2PDB:7TR9	7TR9	B	ready	ready
RMDB2PDB:7U4A	7U4A	B	ready	ready
RMDB2PDB:7UMC	7UMC	A,B	ready	ready
RMDB2PDB:7UO5	7UO5	A,B	ready	ready
RMDB2PDB:7UR5	7UR5	A,B	ready	ready
RMDB2PDB:7V06	7V06	B	ready	ready
RMDB2PDB:7V59	7V59	A,B	ready	ready
RMDB2PDB:7WWU	7WWU	A	ready	ready
RMDB2PDB:7ZJ5	7ZJ5	A,B	ready	ready
RMDB2PDB:7ZO1	7ZO1	A,B	ready	ready
RMDB2PDB:8A3W	8A3W	A,B	ready	ready
RMDB2PDB:8A98	8A98	A,B	ready	ready
RMDB2PDB:8C83	8C83	A,B	ready	ready
RMDB2PDB:8D9L	8D9L	A,B	ready	ready
RMDB2PDB:8DO6	8DO6	B	ready	ready
RMDB2PDB:8DZJ	8DZJ	A,B	ready	ready
RMDB2PDB:8EYU	8EYU	A,B	ready	ready
RMDB2PDB:8FL2	8FL2	A,B	ready	ready
RMDB2PDB:8GAP	8GAP	A,B	ready	ready
RMDB2PDB:8GS2	8GS2	A,B	ready	ready
RMDB2PDB:8GZQ	8GZQ	A,B	ready	ready
RMDB2PDB:8H1C	8H1C	A,B	ready	ready
RMDB2PDB:8HBA	8HBA	A,B	ready	ready
RMDB2PDB:8HF0	8HF0	A,B	ready	ready
RMDB2PDB:8HNW	8HNW	A,B	ready	ready
RMDB2PDB:8JG9	8JG9	A,B	ready	ready
RMDB2PDB:8JIV	8JIV	A,B	ready	ready
RMDB2PDB:8OMR	8OMR	A,B	ready	ready
RMDB2PDB:8PTG	8PTG	A,B	ready	ready
RMDB2PDB:8Q6N	8Q6N	B	ready	ready
RMDB2PDB:8Q7N	8Q7N	A,B	ready	ready
RMDB2PDB:8QO3	8QO3	A,B	ready	ready
RMDB2PDB:8QZS	8QZS	A,B	ready	ready
RMDB2PDB:8RWG	8RWG	A,B	ready	ready
RMDB2PDB:8SCH	8SCH	A,B	ready	ready
RMDB2PDB:8SH5	8SH5	A,B	ready	ready
RMDB2PDB:8UPY	8UPY	A,B	ready	ready
RMDB2PDB:8UYP	8UYP	A,B	ready	ready
RMDB2PDB:8VVJ	8VVJ	B	ready	ready
RMDB2PDB:8VY1	8VY1	A,B	ready	ready
RMDB2PDB:8W2O	8W2O	A,B	ready	ready
RMDB2PDB:8XI2	8XI2	A,B	ready	ready
RMDB2PDB:8XT0	8XT0	A,B	ready	ready
RMDB2PDB:8ZMI	8ZMI	A,B	ready	ready
RMDB2PDB:9BLM	9BLM	A	ready	ready
RMDB2PDB:9DE5	9DE5	A,B	ready	ready
RMDB2PDB:9DIB	9DIB	A,B	ready	ready
RMDB2PDB:9DTT	9DTT	A,B	ready	ready
RMDB2PDB:9EWW	9EWW	A,B	ready	ready
RMDB2PDB:9EY1	9EY1	A,B	ready	ready
RMDB2PDB:9FNZ	9FNZ	A,B	ready	ready
RMDB2PDB:9G1Z	9G1Z	A,B	ready	ready
RMDB2PDB:9GBW	9GBW	A,B	ready	ready
RMDB2PDB:9H74	9H74	A,B	ready	ready
RMDB2PDB:9KDV	9KDV	A,B	ready	ready
RMDB2PDB:9LCR	9LCR	A,B	ready	ready
RMDB2PDB:9M0P	9M0P	A,B	ready	ready
RMDB2PDB:9N2C	9N2C	A,B	ready	ready
RMDB2PDB:9N5T	9N5T	A,B	ready	ready
RMDB2PDB:9NLN	9NLN	A,B	ready	ready
RMDB2PDB:9RW8	9RW8	A,B	ready	ready
RMDB2PDB:9V7O	9V7O	A,B	ready	ready
RMDB2PDB:9ZCD	9ZCD	A,B	ready	ready
RMDB2PDB:9ZQ6	9ZQ6	A,B	ready	ready
